-- phpMyAdmin SQL Dump
-- version 5.2.1
-- https://www.phpmyadmin.net/
--
-- Host: 127.0.0.1
-- Generation Time: Dec 29, 2023 at 04:19 AM
-- Server version: 10.4.28-MariaDB
-- PHP Version: 8.2.4

SET SQL_MODE = "NO_AUTO_VALUE_ON_ZERO";
START TRANSACTION;
SET time_zone = "+00:00";


/*!40101 SET @OLD_CHARACTER_SET_CLIENT=@@CHARACTER_SET_CLIENT */;
/*!40101 SET @OLD_CHARACTER_SET_RESULTS=@@CHARACTER_SET_RESULTS */;
/*!40101 SET @OLD_COLLATION_CONNECTION=@@COLLATION_CONNECTION */;
/*!40101 SET NAMES utf8mb4 */;

--
-- Database: `sms`
--

-- --------------------------------------------------------

--
-- Table structure for table `blood_groups`
--

CREATE TABLE `blood_groups` (
  `id` int(10) UNSIGNED NOT NULL,
  `name` varchar(255) NOT NULL,
  `created_at` timestamp NULL DEFAULT NULL,
  `updated_at` timestamp NULL DEFAULT NULL
) ENGINE=InnoDB DEFAULT CHARSET=utf8mb4 COLLATE=utf8mb4_unicode_ci;

--
-- Dumping data for table `blood_groups`
--

INSERT INTO `blood_groups` (`id`, `name`, `created_at`, `updated_at`) VALUES
(1, 'O-', '2023-12-28 22:09:48', '2023-12-28 22:09:48'),
(2, 'O+', '2023-12-28 22:09:48', '2023-12-28 22:09:48'),
(3, 'A+', '2023-12-28 22:09:48', '2023-12-28 22:09:48'),
(4, 'A-', '2023-12-28 22:09:48', '2023-12-28 22:09:48'),
(5, 'B+', '2023-12-28 22:09:48', '2023-12-28 22:09:48'),
(6, 'B-', '2023-12-28 22:09:48', '2023-12-28 22:09:48'),
(7, 'AB+', '2023-12-28 22:09:48', '2023-12-28 22:09:48'),
(8, 'AB-', '2023-12-28 22:09:48', '2023-12-28 22:09:48');

-- --------------------------------------------------------

--
-- Table structure for table `books`
--

CREATE TABLE `books` (
  `id` int(10) UNSIGNED NOT NULL,
  `name` varchar(100) NOT NULL,
  `my_class_id` int(10) UNSIGNED DEFAULT NULL,
  `description` varchar(255) DEFAULT NULL,
  `author` varchar(255) DEFAULT NULL,
  `book_type` varchar(255) DEFAULT NULL,
  `url` varchar(255) DEFAULT NULL,
  `location` varchar(255) DEFAULT NULL,
  `total_copies` int(11) DEFAULT NULL,
  `issued_copies` int(11) DEFAULT NULL,
  `created_at` timestamp NULL DEFAULT NULL,
  `updated_at` timestamp NULL DEFAULT NULL
) ENGINE=InnoDB DEFAULT CHARSET=utf8mb4 COLLATE=utf8mb4_unicode_ci;

-- --------------------------------------------------------

--
-- Table structure for table `book_requests`
--

CREATE TABLE `book_requests` (
  `id` int(10) UNSIGNED NOT NULL,
  `book_id` int(10) UNSIGNED NOT NULL,
  `user_id` int(10) UNSIGNED NOT NULL,
  `start_date` varchar(255) NOT NULL,
  `end_date` varchar(255) NOT NULL,
  `returned` varchar(255) NOT NULL DEFAULT '0',
  `status` varchar(255) DEFAULT NULL,
  `created_at` timestamp NULL DEFAULT NULL,
  `updated_at` timestamp NULL DEFAULT NULL
) ENGINE=InnoDB DEFAULT CHARSET=utf8mb4 COLLATE=utf8mb4_unicode_ci;

-- --------------------------------------------------------

--
-- Table structure for table `class_types`
--

CREATE TABLE `class_types` (
  `id` int(10) UNSIGNED NOT NULL,
  `name` varchar(255) NOT NULL,
  `code` varchar(255) NOT NULL,
  `created_at` timestamp NULL DEFAULT NULL,
  `updated_at` timestamp NULL DEFAULT NULL
) ENGINE=InnoDB DEFAULT CHARSET=utf8mb4 COLLATE=utf8mb4_unicode_ci;

--
-- Dumping data for table `class_types`
--

INSERT INTO `class_types` (`id`, `name`, `code`, `created_at`, `updated_at`) VALUES
(1, 'Creche', 'C', NULL, NULL),
(2, 'Pre Nursery', 'PN', NULL, NULL),
(3, 'Nursery', 'N', NULL, NULL),
(4, 'Primary', 'P', NULL, NULL),
(5, 'Junior Secondary', 'J', NULL, NULL),
(6, 'Senior Secondary', 'S', NULL, NULL);

-- --------------------------------------------------------

--
-- Table structure for table `dorms`
--

CREATE TABLE `dorms` (
  `id` int(10) UNSIGNED NOT NULL,
  `name` varchar(100) NOT NULL,
  `description` varchar(255) DEFAULT NULL,
  `created_at` timestamp NULL DEFAULT NULL,
  `updated_at` timestamp NULL DEFAULT NULL
) ENGINE=InnoDB DEFAULT CHARSET=utf8mb4 COLLATE=utf8mb4_unicode_ci;

--
-- Dumping data for table `dorms`
--

INSERT INTO `dorms` (`id`, `name`, `description`, `created_at`, `updated_at`) VALUES
(1, 'Faith Hostel', NULL, NULL, NULL),
(2, 'Peace Hostel', NULL, NULL, NULL),
(3, 'Grace Hostel', NULL, NULL, NULL),
(4, 'Success Hostel', NULL, NULL, NULL),
(5, 'Trust Hostel', NULL, NULL, NULL);

-- --------------------------------------------------------

--
-- Table structure for table `exams`
--

CREATE TABLE `exams` (
  `id` int(10) UNSIGNED NOT NULL,
  `name` varchar(255) NOT NULL,
  `term` tinyint(4) NOT NULL,
  `year` varchar(40) NOT NULL,
  `created_at` timestamp NULL DEFAULT NULL,
  `updated_at` timestamp NULL DEFAULT NULL
) ENGINE=InnoDB DEFAULT CHARSET=utf8mb4 COLLATE=utf8mb4_unicode_ci;

-- --------------------------------------------------------

--
-- Table structure for table `exam_records`
--

CREATE TABLE `exam_records` (
  `id` int(10) UNSIGNED NOT NULL,
  `exam_id` int(10) UNSIGNED NOT NULL,
  `student_id` int(10) UNSIGNED NOT NULL,
  `my_class_id` int(10) UNSIGNED NOT NULL,
  `section_id` int(10) UNSIGNED NOT NULL,
  `total` int(11) DEFAULT NULL,
  `ave` varchar(255) DEFAULT NULL,
  `class_ave` varchar(255) DEFAULT NULL,
  `pos` int(11) DEFAULT NULL,
  `af` varchar(255) DEFAULT NULL,
  `ps` varchar(255) DEFAULT NULL,
  `p_comment` varchar(255) DEFAULT NULL,
  `t_comment` varchar(255) DEFAULT NULL,
  `year` varchar(255) NOT NULL,
  `created_at` timestamp NULL DEFAULT NULL,
  `updated_at` timestamp NULL DEFAULT NULL
) ENGINE=InnoDB DEFAULT CHARSET=utf8mb4 COLLATE=utf8mb4_unicode_ci;

-- --------------------------------------------------------

--
-- Table structure for table `grades`
--

CREATE TABLE `grades` (
  `id` int(10) UNSIGNED NOT NULL,
  `name` varchar(40) NOT NULL,
  `class_type_id` int(10) UNSIGNED DEFAULT NULL,
  `mark_from` tinyint(4) NOT NULL,
  `mark_to` tinyint(4) NOT NULL,
  `remark` varchar(40) DEFAULT NULL,
  `created_at` timestamp NULL DEFAULT NULL,
  `updated_at` timestamp NULL DEFAULT NULL
) ENGINE=InnoDB DEFAULT CHARSET=utf8mb4 COLLATE=utf8mb4_unicode_ci;

--
-- Dumping data for table `grades`
--

INSERT INTO `grades` (`id`, `name`, `class_type_id`, `mark_from`, `mark_to`, `remark`, `created_at`, `updated_at`) VALUES
(1, 'A', NULL, 70, 100, 'Excellent', NULL, NULL),
(2, 'B', NULL, 60, 69, 'Very Good', NULL, NULL),
(3, 'C', NULL, 50, 59, 'Good', NULL, NULL),
(4, 'D', NULL, 45, 49, 'Pass', NULL, NULL),
(5, 'E', NULL, 40, 44, 'Poor', NULL, NULL),
(6, 'F', NULL, 0, 39, 'Fail', NULL, NULL);

-- --------------------------------------------------------

--
-- Table structure for table `lgas`
--

CREATE TABLE `lgas` (
  `id` int(10) UNSIGNED NOT NULL,
  `state_id` int(10) UNSIGNED NOT NULL,
  `name` varchar(255) NOT NULL,
  `created_at` timestamp NULL DEFAULT NULL,
  `updated_at` timestamp NULL DEFAULT NULL
) ENGINE=InnoDB DEFAULT CHARSET=utf8mb4 COLLATE=utf8mb4_unicode_ci;

--
-- Dumping data for table `lgas`
--

INSERT INTO `lgas` (`id`, `state_id`, `name`, `created_at`, `updated_at`) VALUES
(1, 1, 'Aba North', '2023-12-28 22:09:48', '2023-12-28 22:09:48'),
(2, 1, 'Aba South', '2023-12-28 22:09:48', '2023-12-28 22:09:48'),
(3, 1, 'Arochukwu', '2023-12-28 22:09:48', '2023-12-28 22:09:48'),
(4, 1, 'Bende', '2023-12-28 22:09:48', '2023-12-28 22:09:48'),
(5, 1, 'Ikwuano', '2023-12-28 22:09:48', '2023-12-28 22:09:48'),
(6, 1, 'Isiala Ngwa North', '2023-12-28 22:09:48', '2023-12-28 22:09:48'),
(7, 1, 'Isiala Ngwa South', '2023-12-28 22:09:48', '2023-12-28 22:09:48'),
(8, 1, 'Isuikwuato', '2023-12-28 22:09:48', '2023-12-28 22:09:48'),
(9, 1, 'Obi Ngwa', '2023-12-28 22:09:48', '2023-12-28 22:09:48'),
(10, 1, 'Ohafia', '2023-12-28 22:09:48', '2023-12-28 22:09:48'),
(11, 1, 'Osisioma', '2023-12-28 22:09:48', '2023-12-28 22:09:48'),
(12, 1, 'Ugwunagbo', '2023-12-28 22:09:48', '2023-12-28 22:09:48'),
(13, 1, 'Ukwa East', '2023-12-28 22:09:48', '2023-12-28 22:09:48'),
(14, 1, 'Ukwa West', '2023-12-28 22:09:48', '2023-12-28 22:09:48'),
(15, 1, 'Umuahia North', '2023-12-28 22:09:48', '2023-12-28 22:09:48'),
(16, 1, 'Umuahia South', '2023-12-28 22:09:48', '2023-12-28 22:09:48'),
(17, 1, 'Umu Nneochi', '2023-12-28 22:09:48', '2023-12-28 22:09:48'),
(18, 2, 'Demsa', '2023-12-28 22:09:48', '2023-12-28 22:09:48'),
(19, 2, 'Fufure', '2023-12-28 22:09:48', '2023-12-28 22:09:48'),
(20, 2, 'Ganye', '2023-12-28 22:09:48', '2023-12-28 22:09:48'),
(21, 2, 'Gayuk', '2023-12-28 22:09:48', '2023-12-28 22:09:48'),
(22, 2, 'Gombi', '2023-12-28 22:09:48', '2023-12-28 22:09:48'),
(23, 2, 'Grie', '2023-12-28 22:09:48', '2023-12-28 22:09:48'),
(24, 2, 'Hong', '2023-12-28 22:09:48', '2023-12-28 22:09:48'),
(25, 2, 'Jada', '2023-12-28 22:09:48', '2023-12-28 22:09:48'),
(26, 2, 'Larmurde', '2023-12-28 22:09:48', '2023-12-28 22:09:48'),
(27, 2, 'Madagali', '2023-12-28 22:09:48', '2023-12-28 22:09:48'),
(28, 2, 'Maiha', '2023-12-28 22:09:48', '2023-12-28 22:09:48'),
(29, 2, 'Mayo Belwa', '2023-12-28 22:09:48', '2023-12-28 22:09:48'),
(30, 2, 'Michika', '2023-12-28 22:09:48', '2023-12-28 22:09:48'),
(31, 2, 'Mubi North', '2023-12-28 22:09:48', '2023-12-28 22:09:48'),
(32, 2, 'Mubi South', '2023-12-28 22:09:48', '2023-12-28 22:09:48'),
(33, 2, 'Numan', '2023-12-28 22:09:48', '2023-12-28 22:09:48'),
(34, 2, 'Shelleng', '2023-12-28 22:09:48', '2023-12-28 22:09:48'),
(35, 2, 'Song', '2023-12-28 22:09:48', '2023-12-28 22:09:48'),
(36, 2, 'Toungo', '2023-12-28 22:09:48', '2023-12-28 22:09:48'),
(37, 2, 'Yola North', '2023-12-28 22:09:48', '2023-12-28 22:09:48'),
(38, 2, 'Yola South', '2023-12-28 22:09:48', '2023-12-28 22:09:48'),
(39, 3, 'Abak', '2023-12-28 22:09:48', '2023-12-28 22:09:48'),
(40, 3, 'Eastern Obolo', '2023-12-28 22:09:48', '2023-12-28 22:09:48'),
(41, 3, 'Eket', '2023-12-28 22:09:48', '2023-12-28 22:09:48'),
(42, 3, 'Esit Eket', '2023-12-28 22:09:48', '2023-12-28 22:09:48'),
(43, 3, 'Essien Udim', '2023-12-28 22:09:48', '2023-12-28 22:09:48'),
(44, 3, 'Etim Ekpo', '2023-12-28 22:09:48', '2023-12-28 22:09:48'),
(45, 3, 'Etinan', '2023-12-28 22:09:48', '2023-12-28 22:09:48'),
(46, 3, 'Ibeno', '2023-12-28 22:09:48', '2023-12-28 22:09:48'),
(47, 3, 'Ibesikpo Asutan', '2023-12-28 22:09:48', '2023-12-28 22:09:48'),
(48, 3, 'Ibiono-Ibom', '2023-12-28 22:09:48', '2023-12-28 22:09:48'),
(49, 3, 'Ika', '2023-12-28 22:09:48', '2023-12-28 22:09:48'),
(50, 3, 'Ikono', '2023-12-28 22:09:48', '2023-12-28 22:09:48'),
(51, 3, 'Ikot Abasi', '2023-12-28 22:09:48', '2023-12-28 22:09:48'),
(52, 3, 'Ikot Ekpene', '2023-12-28 22:09:48', '2023-12-28 22:09:48'),
(53, 3, 'Ini', '2023-12-28 22:09:48', '2023-12-28 22:09:48'),
(54, 3, 'Itu', '2023-12-28 22:09:48', '2023-12-28 22:09:48'),
(55, 3, 'Mbo', '2023-12-28 22:09:48', '2023-12-28 22:09:48'),
(56, 3, 'Mkpat-Enin', '2023-12-28 22:09:48', '2023-12-28 22:09:48'),
(57, 3, 'Nsit-Atai', '2023-12-28 22:09:48', '2023-12-28 22:09:48'),
(58, 3, 'Nsit-Ibom', '2023-12-28 22:09:48', '2023-12-28 22:09:48'),
(59, 3, 'Nsit-Ubium', '2023-12-28 22:09:48', '2023-12-28 22:09:48'),
(60, 3, 'Obot Akara', '2023-12-28 22:09:48', '2023-12-28 22:09:48'),
(61, 3, 'Okobo', '2023-12-28 22:09:48', '2023-12-28 22:09:48'),
(62, 3, 'Onna', '2023-12-28 22:09:48', '2023-12-28 22:09:48'),
(63, 3, 'Oron', '2023-12-28 22:09:48', '2023-12-28 22:09:48'),
(64, 3, 'Oruk Anam', '2023-12-28 22:09:48', '2023-12-28 22:09:48'),
(65, 3, 'Udung-Uko', '2023-12-28 22:09:48', '2023-12-28 22:09:48'),
(66, 3, 'Ukanafun', '2023-12-28 22:09:48', '2023-12-28 22:09:48'),
(67, 3, 'Uruan', '2023-12-28 22:09:48', '2023-12-28 22:09:48'),
(68, 3, 'Urue-Offong/Oruko', '2023-12-28 22:09:48', '2023-12-28 22:09:48'),
(69, 3, 'Uyo', '2023-12-28 22:09:48', '2023-12-28 22:09:48'),
(70, 4, 'Aguata', '2023-12-28 22:09:48', '2023-12-28 22:09:48'),
(71, 4, 'Anambra East', '2023-12-28 22:09:48', '2023-12-28 22:09:48'),
(72, 4, 'Anambra West', '2023-12-28 22:09:48', '2023-12-28 22:09:48'),
(73, 4, 'Anaocha', '2023-12-28 22:09:48', '2023-12-28 22:09:48'),
(74, 4, 'Awka North', '2023-12-28 22:09:48', '2023-12-28 22:09:48'),
(75, 4, 'Awka South', '2023-12-28 22:09:48', '2023-12-28 22:09:48'),
(76, 4, 'Ayamelum', '2023-12-28 22:09:48', '2023-12-28 22:09:48'),
(77, 4, 'Dunukofia', '2023-12-28 22:09:48', '2023-12-28 22:09:48'),
(78, 4, 'Ekwusigo', '2023-12-28 22:09:48', '2023-12-28 22:09:48'),
(79, 4, 'Idemili North', '2023-12-28 22:09:48', '2023-12-28 22:09:48'),
(80, 4, 'Idemili South', '2023-12-28 22:09:48', '2023-12-28 22:09:48'),
(81, 4, 'Ihiala', '2023-12-28 22:09:48', '2023-12-28 22:09:48'),
(82, 4, 'Njikoka', '2023-12-28 22:09:48', '2023-12-28 22:09:48'),
(83, 4, 'Nnewi North', '2023-12-28 22:09:48', '2023-12-28 22:09:48'),
(84, 4, 'Nnewi South', '2023-12-28 22:09:48', '2023-12-28 22:09:48'),
(85, 4, 'Ogbaru', '2023-12-28 22:09:48', '2023-12-28 22:09:48'),
(86, 4, 'Onitsha North', '2023-12-28 22:09:48', '2023-12-28 22:09:48'),
(87, 4, 'Onitsha South', '2023-12-28 22:09:48', '2023-12-28 22:09:48'),
(88, 4, 'Orumba North', '2023-12-28 22:09:48', '2023-12-28 22:09:48'),
(89, 4, 'Orumba South', '2023-12-28 22:09:48', '2023-12-28 22:09:48'),
(90, 4, 'Oyi', '2023-12-28 22:09:48', '2023-12-28 22:09:48'),
(91, 5, 'Alkaleri', '2023-12-28 22:09:48', '2023-12-28 22:09:48'),
(92, 5, 'Bauchi', '2023-12-28 22:09:48', '2023-12-28 22:09:48'),
(93, 5, 'Bogoro', '2023-12-28 22:09:48', '2023-12-28 22:09:48'),
(94, 5, 'Damban', '2023-12-28 22:09:48', '2023-12-28 22:09:48'),
(95, 5, 'Darazo', '2023-12-28 22:09:48', '2023-12-28 22:09:48'),
(96, 5, 'Dass', '2023-12-28 22:09:48', '2023-12-28 22:09:48'),
(97, 5, 'Gamawa', '2023-12-28 22:09:48', '2023-12-28 22:09:48'),
(98, 5, 'Ganjuwa', '2023-12-28 22:09:48', '2023-12-28 22:09:48'),
(99, 5, 'Giade', '2023-12-28 22:09:48', '2023-12-28 22:09:48'),
(100, 5, 'Itas/Gadau', '2023-12-28 22:09:48', '2023-12-28 22:09:48'),
(101, 5, 'Jama\'are', '2023-12-28 22:09:48', '2023-12-28 22:09:48'),
(102, 5, 'Katagum', '2023-12-28 22:09:48', '2023-12-28 22:09:48'),
(103, 5, 'Kirfi', '2023-12-28 22:09:48', '2023-12-28 22:09:48'),
(104, 5, 'Misau', '2023-12-28 22:09:48', '2023-12-28 22:09:48'),
(105, 5, 'Ningi', '2023-12-28 22:09:48', '2023-12-28 22:09:48'),
(106, 5, 'Shira', '2023-12-28 22:09:48', '2023-12-28 22:09:48'),
(107, 5, 'Tafawa Balewa', '2023-12-28 22:09:48', '2023-12-28 22:09:48'),
(108, 5, 'Toro', '2023-12-28 22:09:48', '2023-12-28 22:09:48'),
(109, 5, 'Warji', '2023-12-28 22:09:48', '2023-12-28 22:09:48'),
(110, 5, 'Zaki', '2023-12-28 22:09:48', '2023-12-28 22:09:48'),
(111, 6, 'Brass', '2023-12-28 22:09:48', '2023-12-28 22:09:48'),
(112, 6, 'Ekeremor', '2023-12-28 22:09:48', '2023-12-28 22:09:48'),
(113, 6, 'Kolokuma/Opokuma', '2023-12-28 22:09:48', '2023-12-28 22:09:48'),
(114, 6, 'Nembe', '2023-12-28 22:09:48', '2023-12-28 22:09:48'),
(115, 6, 'Ogbia', '2023-12-28 22:09:48', '2023-12-28 22:09:48'),
(116, 6, 'Sagbama', '2023-12-28 22:09:48', '2023-12-28 22:09:48'),
(117, 6, 'Southern Ijaw', '2023-12-28 22:09:48', '2023-12-28 22:09:48'),
(118, 6, 'Yenagoa', '2023-12-28 22:09:48', '2023-12-28 22:09:48'),
(119, 7, 'Agatu', '2023-12-28 22:09:48', '2023-12-28 22:09:48'),
(120, 7, 'Apa', '2023-12-28 22:09:48', '2023-12-28 22:09:48'),
(121, 7, 'Ado', '2023-12-28 22:09:48', '2023-12-28 22:09:48'),
(122, 7, 'Buruku', '2023-12-28 22:09:48', '2023-12-28 22:09:48'),
(123, 7, 'Gboko', '2023-12-28 22:09:48', '2023-12-28 22:09:48'),
(124, 7, 'Guma', '2023-12-28 22:09:48', '2023-12-28 22:09:48'),
(125, 7, 'Gwer East', '2023-12-28 22:09:48', '2023-12-28 22:09:48'),
(126, 7, 'Gwer West', '2023-12-28 22:09:48', '2023-12-28 22:09:48'),
(127, 7, 'Katsina-Ala', '2023-12-28 22:09:48', '2023-12-28 22:09:48'),
(128, 7, 'Konshisha', '2023-12-28 22:09:48', '2023-12-28 22:09:48'),
(129, 7, 'Kwande', '2023-12-28 22:09:48', '2023-12-28 22:09:48'),
(130, 7, 'Logo', '2023-12-28 22:09:48', '2023-12-28 22:09:48'),
(131, 7, 'Makurdi', '2023-12-28 22:09:48', '2023-12-28 22:09:48'),
(132, 7, 'Obi', '2023-12-28 22:09:48', '2023-12-28 22:09:48'),
(133, 7, 'Ogbadibo', '2023-12-28 22:09:48', '2023-12-28 22:09:48'),
(134, 7, 'Ohimini', '2023-12-28 22:09:48', '2023-12-28 22:09:48'),
(135, 7, 'Oju', '2023-12-28 22:09:48', '2023-12-28 22:09:48'),
(136, 7, 'Okpokwu', '2023-12-28 22:09:48', '2023-12-28 22:09:48'),
(137, 7, 'Oturkpo', '2023-12-28 22:09:48', '2023-12-28 22:09:48'),
(138, 7, 'Tarka', '2023-12-28 22:09:48', '2023-12-28 22:09:48'),
(139, 7, 'Ukum', '2023-12-28 22:09:48', '2023-12-28 22:09:48'),
(140, 7, 'Ushongo', '2023-12-28 22:09:48', '2023-12-28 22:09:48'),
(141, 7, 'Vandeikya', '2023-12-28 22:09:48', '2023-12-28 22:09:48'),
(142, 8, 'Abadam', '2023-12-28 22:09:48', '2023-12-28 22:09:48'),
(143, 8, 'Askira/Uba', '2023-12-28 22:09:48', '2023-12-28 22:09:48'),
(144, 8, 'Bama', '2023-12-28 22:09:48', '2023-12-28 22:09:48'),
(145, 8, 'Bayo', '2023-12-28 22:09:48', '2023-12-28 22:09:48'),
(146, 8, 'Biu', '2023-12-28 22:09:48', '2023-12-28 22:09:48'),
(147, 8, 'Chibok', '2023-12-28 22:09:48', '2023-12-28 22:09:48'),
(148, 8, 'Damboa', '2023-12-28 22:09:48', '2023-12-28 22:09:48'),
(149, 8, 'Dikwa', '2023-12-28 22:09:48', '2023-12-28 22:09:48'),
(150, 8, 'Gubio', '2023-12-28 22:09:48', '2023-12-28 22:09:48'),
(151, 8, 'Guzamala', '2023-12-28 22:09:48', '2023-12-28 22:09:48'),
(152, 8, 'Gwoza', '2023-12-28 22:09:48', '2023-12-28 22:09:48'),
(153, 8, 'Hawul', '2023-12-28 22:09:48', '2023-12-28 22:09:48'),
(154, 8, 'Jere', '2023-12-28 22:09:48', '2023-12-28 22:09:48'),
(155, 8, 'Kaga', '2023-12-28 22:09:48', '2023-12-28 22:09:48'),
(156, 8, 'Kala/Balge', '2023-12-28 22:09:48', '2023-12-28 22:09:48'),
(157, 8, 'Konduga', '2023-12-28 22:09:48', '2023-12-28 22:09:48'),
(158, 8, 'Kukawa', '2023-12-28 22:09:48', '2023-12-28 22:09:48'),
(159, 8, 'Kwaya Kusar', '2023-12-28 22:09:48', '2023-12-28 22:09:48'),
(160, 8, 'Mafa', '2023-12-28 22:09:48', '2023-12-28 22:09:48'),
(161, 8, 'Magumeri', '2023-12-28 22:09:48', '2023-12-28 22:09:48'),
(162, 8, 'Maiduguri', '2023-12-28 22:09:48', '2023-12-28 22:09:48'),
(163, 8, 'Marte', '2023-12-28 22:09:48', '2023-12-28 22:09:48'),
(164, 8, 'Mobbar', '2023-12-28 22:09:48', '2023-12-28 22:09:48'),
(165, 8, 'Monguno', '2023-12-28 22:09:48', '2023-12-28 22:09:48'),
(166, 8, 'Ngala', '2023-12-28 22:09:48', '2023-12-28 22:09:48'),
(167, 8, 'Nganzai', '2023-12-28 22:09:48', '2023-12-28 22:09:48'),
(168, 8, 'Shani', '2023-12-28 22:09:48', '2023-12-28 22:09:48'),
(169, 9, 'Abi', '2023-12-28 22:09:48', '2023-12-28 22:09:48'),
(170, 9, 'Akamkpa', '2023-12-28 22:09:48', '2023-12-28 22:09:48'),
(171, 9, 'Akpabuyo', '2023-12-28 22:09:48', '2023-12-28 22:09:48'),
(172, 9, 'Bakassi', '2023-12-28 22:09:48', '2023-12-28 22:09:48'),
(173, 9, 'Bekwarra', '2023-12-28 22:09:48', '2023-12-28 22:09:48'),
(174, 9, 'Biase', '2023-12-28 22:09:48', '2023-12-28 22:09:48'),
(175, 9, 'Boki', '2023-12-28 22:09:48', '2023-12-28 22:09:48'),
(176, 9, 'Calabar Municipal', '2023-12-28 22:09:48', '2023-12-28 22:09:48'),
(177, 9, 'Calabar South', '2023-12-28 22:09:48', '2023-12-28 22:09:48'),
(178, 9, 'Etung', '2023-12-28 22:09:48', '2023-12-28 22:09:48'),
(179, 9, 'Ikom', '2023-12-28 22:09:48', '2023-12-28 22:09:48'),
(180, 9, 'Obanliku', '2023-12-28 22:09:48', '2023-12-28 22:09:48'),
(181, 9, 'Obubra', '2023-12-28 22:09:48', '2023-12-28 22:09:48'),
(182, 9, 'Obudu', '2023-12-28 22:09:48', '2023-12-28 22:09:48'),
(183, 9, 'Odukpani', '2023-12-28 22:09:48', '2023-12-28 22:09:48'),
(184, 9, 'Ogoja', '2023-12-28 22:09:48', '2023-12-28 22:09:48'),
(185, 9, 'Yakuur', '2023-12-28 22:09:48', '2023-12-28 22:09:48'),
(186, 9, 'Yala', '2023-12-28 22:09:48', '2023-12-28 22:09:48'),
(187, 10, 'Aniocha North', '2023-12-28 22:09:48', '2023-12-28 22:09:48'),
(188, 10, 'Aniocha South', '2023-12-28 22:09:48', '2023-12-28 22:09:48'),
(189, 10, 'Bomadi', '2023-12-28 22:09:48', '2023-12-28 22:09:48'),
(190, 10, 'Burutu', '2023-12-28 22:09:48', '2023-12-28 22:09:48'),
(191, 10, 'Ethiope East', '2023-12-28 22:09:48', '2023-12-28 22:09:48'),
(192, 10, 'Ethiope West', '2023-12-28 22:09:48', '2023-12-28 22:09:48'),
(193, 10, 'Ika North East', '2023-12-28 22:09:48', '2023-12-28 22:09:48'),
(194, 10, 'Ika South', '2023-12-28 22:09:48', '2023-12-28 22:09:48'),
(195, 10, 'Isoko North', '2023-12-28 22:09:48', '2023-12-28 22:09:48'),
(196, 10, 'Isoko South', '2023-12-28 22:09:48', '2023-12-28 22:09:48'),
(197, 10, 'Ndokwa East', '2023-12-28 22:09:48', '2023-12-28 22:09:48'),
(198, 10, 'Ndokwa West', '2023-12-28 22:09:48', '2023-12-28 22:09:48'),
(199, 10, 'Okpe', '2023-12-28 22:09:48', '2023-12-28 22:09:48'),
(200, 10, 'Oshimili North', '2023-12-28 22:09:48', '2023-12-28 22:09:48'),
(201, 10, 'Oshimili South', '2023-12-28 22:09:48', '2023-12-28 22:09:48'),
(202, 10, 'Patani', '2023-12-28 22:09:48', '2023-12-28 22:09:48'),
(203, 10, 'Sapele, Delta', '2023-12-28 22:09:48', '2023-12-28 22:09:48'),
(204, 10, 'Udu', '2023-12-28 22:09:48', '2023-12-28 22:09:48'),
(205, 10, 'Ughelli North', '2023-12-28 22:09:48', '2023-12-28 22:09:48'),
(206, 10, 'Ughelli South', '2023-12-28 22:09:48', '2023-12-28 22:09:48'),
(207, 10, 'Ukwuani', '2023-12-28 22:09:48', '2023-12-28 22:09:48'),
(208, 10, 'Uvwie', '2023-12-28 22:09:48', '2023-12-28 22:09:48'),
(209, 10, 'Warri North', '2023-12-28 22:09:48', '2023-12-28 22:09:48'),
(210, 10, 'Warri South', '2023-12-28 22:09:48', '2023-12-28 22:09:48'),
(211, 10, 'Warri South West', '2023-12-28 22:09:48', '2023-12-28 22:09:48'),
(212, 11, 'Abakaliki', '2023-12-28 22:09:48', '2023-12-28 22:09:48'),
(213, 11, 'Afikpo North', '2023-12-28 22:09:48', '2023-12-28 22:09:48'),
(214, 11, 'Afikpo South', '2023-12-28 22:09:48', '2023-12-28 22:09:48'),
(215, 11, 'Ebonyi', '2023-12-28 22:09:48', '2023-12-28 22:09:48'),
(216, 11, 'Ezza North', '2023-12-28 22:09:48', '2023-12-28 22:09:48'),
(217, 11, 'Ezza South', '2023-12-28 22:09:48', '2023-12-28 22:09:48'),
(218, 11, 'Ikwo', '2023-12-28 22:09:48', '2023-12-28 22:09:48'),
(219, 11, 'Ishielu', '2023-12-28 22:09:48', '2023-12-28 22:09:48'),
(220, 11, 'Ivo', '2023-12-28 22:09:48', '2023-12-28 22:09:48'),
(221, 11, 'Izzi', '2023-12-28 22:09:48', '2023-12-28 22:09:48'),
(222, 11, 'Ohaozara', '2023-12-28 22:09:48', '2023-12-28 22:09:48'),
(223, 11, 'Ohaukwu', '2023-12-28 22:09:48', '2023-12-28 22:09:48'),
(224, 11, 'Onicha', '2023-12-28 22:09:48', '2023-12-28 22:09:48'),
(225, 12, 'Akoko-Edo', '2023-12-28 22:09:48', '2023-12-28 22:09:48'),
(226, 12, 'Egor', '2023-12-28 22:09:48', '2023-12-28 22:09:48'),
(227, 12, 'Esan Central', '2023-12-28 22:09:48', '2023-12-28 22:09:48'),
(228, 12, 'Esan North-East', '2023-12-28 22:09:48', '2023-12-28 22:09:48'),
(229, 12, 'Esan South-East', '2023-12-28 22:09:49', '2023-12-28 22:09:49'),
(230, 12, 'Esan West', '2023-12-28 22:09:49', '2023-12-28 22:09:49'),
(231, 12, 'Etsako Central', '2023-12-28 22:09:49', '2023-12-28 22:09:49'),
(232, 12, 'Etsako East', '2023-12-28 22:09:49', '2023-12-28 22:09:49'),
(233, 12, 'Etsako West', '2023-12-28 22:09:49', '2023-12-28 22:09:49'),
(234, 12, 'Igueben', '2023-12-28 22:09:49', '2023-12-28 22:09:49'),
(235, 12, 'Ikpoba Okha', '2023-12-28 22:09:49', '2023-12-28 22:09:49'),
(236, 12, 'Orhionmwon', '2023-12-28 22:09:49', '2023-12-28 22:09:49'),
(237, 12, 'Oredo', '2023-12-28 22:09:49', '2023-12-28 22:09:49'),
(238, 12, 'Ovia North-East', '2023-12-28 22:09:49', '2023-12-28 22:09:49'),
(239, 12, 'Ovia South-West', '2023-12-28 22:09:49', '2023-12-28 22:09:49'),
(240, 12, 'Owan East', '2023-12-28 22:09:49', '2023-12-28 22:09:49'),
(241, 12, 'Owan West', '2023-12-28 22:09:49', '2023-12-28 22:09:49'),
(242, 12, 'Uhunmwonde', '2023-12-28 22:09:49', '2023-12-28 22:09:49'),
(243, 13, 'Ado Ekiti', '2023-12-28 22:09:49', '2023-12-28 22:09:49'),
(244, 13, 'Efon', '2023-12-28 22:09:49', '2023-12-28 22:09:49'),
(245, 13, 'Ekiti East', '2023-12-28 22:09:49', '2023-12-28 22:09:49'),
(246, 13, 'Ekiti South-West', '2023-12-28 22:09:49', '2023-12-28 22:09:49'),
(247, 13, 'Ekiti West', '2023-12-28 22:09:49', '2023-12-28 22:09:49'),
(248, 13, 'Emure', '2023-12-28 22:09:49', '2023-12-28 22:09:49'),
(249, 13, 'Gbonyin', '2023-12-28 22:09:49', '2023-12-28 22:09:49'),
(250, 13, 'Ido Osi', '2023-12-28 22:09:49', '2023-12-28 22:09:49'),
(251, 13, 'Ijero', '2023-12-28 22:09:49', '2023-12-28 22:09:49'),
(252, 13, 'Ikere', '2023-12-28 22:09:49', '2023-12-28 22:09:49'),
(253, 13, 'Ikole', '2023-12-28 22:09:49', '2023-12-28 22:09:49'),
(254, 13, 'Ilejemeje', '2023-12-28 22:09:49', '2023-12-28 22:09:49'),
(255, 13, 'Irepodun/Ifelodun', '2023-12-28 22:09:49', '2023-12-28 22:09:49'),
(256, 13, 'Ise/Orun', '2023-12-28 22:09:49', '2023-12-28 22:09:49'),
(257, 13, 'Moba', '2023-12-28 22:09:49', '2023-12-28 22:09:49'),
(258, 13, 'Oye', '2023-12-28 22:09:49', '2023-12-28 22:09:49'),
(259, 14, 'Aninri', '2023-12-28 22:09:49', '2023-12-28 22:09:49'),
(260, 14, 'Awgu', '2023-12-28 22:09:49', '2023-12-28 22:09:49'),
(261, 14, 'Enugu East', '2023-12-28 22:09:49', '2023-12-28 22:09:49'),
(262, 14, 'Enugu North', '2023-12-28 22:09:49', '2023-12-28 22:09:49'),
(263, 14, 'Enugu South', '2023-12-28 22:09:49', '2023-12-28 22:09:49'),
(264, 14, 'Ezeagu', '2023-12-28 22:09:49', '2023-12-28 22:09:49'),
(265, 14, 'Igbo Etiti', '2023-12-28 22:09:49', '2023-12-28 22:09:49'),
(266, 14, 'Igbo Eze North', '2023-12-28 22:09:49', '2023-12-28 22:09:49'),
(267, 14, 'Igbo Eze South', '2023-12-28 22:09:49', '2023-12-28 22:09:49'),
(268, 14, 'Isi Uzo', '2023-12-28 22:09:49', '2023-12-28 22:09:49'),
(269, 14, 'Nkanu East', '2023-12-28 22:09:49', '2023-12-28 22:09:49'),
(270, 14, 'Nkanu West', '2023-12-28 22:09:49', '2023-12-28 22:09:49'),
(271, 14, 'Nsukka', '2023-12-28 22:09:49', '2023-12-28 22:09:49'),
(272, 14, 'Oji River', '2023-12-28 22:09:49', '2023-12-28 22:09:49'),
(273, 14, 'Udenu', '2023-12-28 22:09:49', '2023-12-28 22:09:49'),
(274, 14, 'Udi', '2023-12-28 22:09:49', '2023-12-28 22:09:49'),
(275, 14, 'Uzo Uwani', '2023-12-28 22:09:49', '2023-12-28 22:09:49'),
(276, 15, 'Abaji', '2023-12-28 22:09:49', '2023-12-28 22:09:49'),
(277, 15, 'Bwari', '2023-12-28 22:09:49', '2023-12-28 22:09:49'),
(278, 15, 'Gwagwalada', '2023-12-28 22:09:49', '2023-12-28 22:09:49'),
(279, 15, 'Kuje', '2023-12-28 22:09:49', '2023-12-28 22:09:49'),
(280, 15, 'Kwali', '2023-12-28 22:09:49', '2023-12-28 22:09:49'),
(281, 15, 'Municipal Area Council', '2023-12-28 22:09:49', '2023-12-28 22:09:49'),
(282, 16, 'Akko', '2023-12-28 22:09:49', '2023-12-28 22:09:49'),
(283, 16, 'Balanga', '2023-12-28 22:09:49', '2023-12-28 22:09:49'),
(284, 16, 'Billiri', '2023-12-28 22:09:49', '2023-12-28 22:09:49'),
(285, 16, 'Dukku', '2023-12-28 22:09:49', '2023-12-28 22:09:49'),
(286, 16, 'Funakaye', '2023-12-28 22:09:49', '2023-12-28 22:09:49'),
(287, 16, 'Gombe', '2023-12-28 22:09:49', '2023-12-28 22:09:49'),
(288, 16, 'Kaltungo', '2023-12-28 22:09:49', '2023-12-28 22:09:49'),
(289, 16, 'Kwami', '2023-12-28 22:09:49', '2023-12-28 22:09:49'),
(290, 16, 'Nafada', '2023-12-28 22:09:49', '2023-12-28 22:09:49'),
(291, 16, 'Shongom', '2023-12-28 22:09:49', '2023-12-28 22:09:49'),
(292, 16, 'Yamaltu/Deba', '2023-12-28 22:09:49', '2023-12-28 22:09:49'),
(293, 17, 'Aboh Mbaise', '2023-12-28 22:09:49', '2023-12-28 22:09:49'),
(294, 17, 'Ahiazu Mbaise', '2023-12-28 22:09:49', '2023-12-28 22:09:49'),
(295, 17, 'Ehime Mbano', '2023-12-28 22:09:49', '2023-12-28 22:09:49'),
(296, 17, 'Ezinihitte', '2023-12-28 22:09:49', '2023-12-28 22:09:49'),
(297, 17, 'Ideato North', '2023-12-28 22:09:49', '2023-12-28 22:09:49'),
(298, 17, 'Ideato South', '2023-12-28 22:09:49', '2023-12-28 22:09:49'),
(299, 17, 'Ihitte/Uboma', '2023-12-28 22:09:49', '2023-12-28 22:09:49'),
(300, 17, 'Ikeduru', '2023-12-28 22:09:49', '2023-12-28 22:09:49'),
(301, 17, 'Isiala Mbano', '2023-12-28 22:09:49', '2023-12-28 22:09:49'),
(302, 17, 'Isu', '2023-12-28 22:09:49', '2023-12-28 22:09:49'),
(303, 17, 'Mbaitoli', '2023-12-28 22:09:49', '2023-12-28 22:09:49'),
(304, 17, 'Ngor Okpala', '2023-12-28 22:09:49', '2023-12-28 22:09:49'),
(305, 17, 'Njaba', '2023-12-28 22:09:49', '2023-12-28 22:09:49'),
(306, 17, 'Nkwerre', '2023-12-28 22:09:49', '2023-12-28 22:09:49'),
(307, 17, 'Nwangele', '2023-12-28 22:09:49', '2023-12-28 22:09:49'),
(308, 17, 'Obowo', '2023-12-28 22:09:49', '2023-12-28 22:09:49'),
(309, 17, 'Oguta', '2023-12-28 22:09:49', '2023-12-28 22:09:49'),
(310, 17, 'Ohaji/Egbema', '2023-12-28 22:09:49', '2023-12-28 22:09:49'),
(311, 17, 'Okigwe', '2023-12-28 22:09:49', '2023-12-28 22:09:49'),
(312, 17, 'Orlu', '2023-12-28 22:09:49', '2023-12-28 22:09:49'),
(313, 17, 'Orsu', '2023-12-28 22:09:49', '2023-12-28 22:09:49'),
(314, 17, 'Oru East', '2023-12-28 22:09:49', '2023-12-28 22:09:49'),
(315, 17, 'Oru West', '2023-12-28 22:09:49', '2023-12-28 22:09:49'),
(316, 17, 'Owerri Municipal', '2023-12-28 22:09:49', '2023-12-28 22:09:49'),
(317, 17, 'Owerri North', '2023-12-28 22:09:49', '2023-12-28 22:09:49'),
(318, 17, 'Owerri West', '2023-12-28 22:09:49', '2023-12-28 22:09:49'),
(319, 17, 'Unuimo', '2023-12-28 22:09:49', '2023-12-28 22:09:49'),
(320, 18, 'Auyo', '2023-12-28 22:09:49', '2023-12-28 22:09:49'),
(321, 18, 'Babura', '2023-12-28 22:09:49', '2023-12-28 22:09:49'),
(322, 18, 'Biriniwa', '2023-12-28 22:09:49', '2023-12-28 22:09:49'),
(323, 18, 'Birnin Kudu', '2023-12-28 22:09:49', '2023-12-28 22:09:49'),
(324, 18, 'Buji', '2023-12-28 22:09:49', '2023-12-28 22:09:49'),
(325, 18, 'Dutse', '2023-12-28 22:09:49', '2023-12-28 22:09:49'),
(326, 18, 'Gagarawa', '2023-12-28 22:09:49', '2023-12-28 22:09:49'),
(327, 18, 'Garki', '2023-12-28 22:09:49', '2023-12-28 22:09:49'),
(328, 18, 'Gumel', '2023-12-28 22:09:49', '2023-12-28 22:09:49'),
(329, 18, 'Guri', '2023-12-28 22:09:49', '2023-12-28 22:09:49'),
(330, 18, 'Gwaram', '2023-12-28 22:09:49', '2023-12-28 22:09:49'),
(331, 18, 'Gwiwa', '2023-12-28 22:09:49', '2023-12-28 22:09:49'),
(332, 18, 'Hadejia', '2023-12-28 22:09:49', '2023-12-28 22:09:49'),
(333, 18, 'Jahun', '2023-12-28 22:09:49', '2023-12-28 22:09:49'),
(334, 18, 'Kafin Hausa', '2023-12-28 22:09:49', '2023-12-28 22:09:49'),
(335, 18, 'Kazaure', '2023-12-28 22:09:49', '2023-12-28 22:09:49'),
(336, 18, 'Kiri Kasama', '2023-12-28 22:09:49', '2023-12-28 22:09:49'),
(337, 18, 'Kiyawa', '2023-12-28 22:09:49', '2023-12-28 22:09:49'),
(338, 18, 'Kaugama', '2023-12-28 22:09:49', '2023-12-28 22:09:49'),
(339, 18, 'Maigatari', '2023-12-28 22:09:49', '2023-12-28 22:09:49'),
(340, 18, 'Malam Madori', '2023-12-28 22:09:49', '2023-12-28 22:09:49'),
(341, 18, 'Miga', '2023-12-28 22:09:49', '2023-12-28 22:09:49'),
(342, 18, 'Ringim', '2023-12-28 22:09:49', '2023-12-28 22:09:49'),
(343, 18, 'Roni', '2023-12-28 22:09:49', '2023-12-28 22:09:49'),
(344, 18, 'Sule Tankarkar', '2023-12-28 22:09:49', '2023-12-28 22:09:49'),
(345, 18, 'Taura', '2023-12-28 22:09:49', '2023-12-28 22:09:49'),
(346, 18, 'Yankwashi', '2023-12-28 22:09:49', '2023-12-28 22:09:49'),
(347, 19, 'Birnin Gwari', '2023-12-28 22:09:49', '2023-12-28 22:09:49'),
(348, 19, 'Chikun', '2023-12-28 22:09:49', '2023-12-28 22:09:49'),
(349, 19, 'Giwa', '2023-12-28 22:09:49', '2023-12-28 22:09:49'),
(350, 19, 'Igabi', '2023-12-28 22:09:49', '2023-12-28 22:09:49'),
(351, 19, 'Ikara', '2023-12-28 22:09:49', '2023-12-28 22:09:49'),
(352, 19, 'Jaba', '2023-12-28 22:09:49', '2023-12-28 22:09:49'),
(353, 19, 'Jema\'a', '2023-12-28 22:09:49', '2023-12-28 22:09:49'),
(354, 19, 'Kachia', '2023-12-28 22:09:49', '2023-12-28 22:09:49'),
(355, 19, 'Kaduna North', '2023-12-28 22:09:49', '2023-12-28 22:09:49'),
(356, 19, 'Kaduna South', '2023-12-28 22:09:49', '2023-12-28 22:09:49'),
(357, 19, 'Kagarko', '2023-12-28 22:09:49', '2023-12-28 22:09:49'),
(358, 19, 'Kajuru', '2023-12-28 22:09:49', '2023-12-28 22:09:49'),
(359, 19, 'Kaura', '2023-12-28 22:09:49', '2023-12-28 22:09:49'),
(360, 19, 'Kauru', '2023-12-28 22:09:49', '2023-12-28 22:09:49'),
(361, 19, 'Kubau', '2023-12-28 22:09:49', '2023-12-28 22:09:49'),
(362, 19, 'Kudan', '2023-12-28 22:09:49', '2023-12-28 22:09:49'),
(363, 19, 'Lere', '2023-12-28 22:09:49', '2023-12-28 22:09:49'),
(364, 19, 'Makarfi', '2023-12-28 22:09:49', '2023-12-28 22:09:49'),
(365, 19, 'Sabon Gari', '2023-12-28 22:09:49', '2023-12-28 22:09:49'),
(366, 19, 'Sanga', '2023-12-28 22:09:49', '2023-12-28 22:09:49'),
(367, 19, 'Soba', '2023-12-28 22:09:49', '2023-12-28 22:09:49'),
(368, 19, 'Zangon Kataf', '2023-12-28 22:09:49', '2023-12-28 22:09:49'),
(369, 19, 'Zaria', '2023-12-28 22:09:49', '2023-12-28 22:09:49'),
(370, 20, 'Ajingi', '2023-12-28 22:09:49', '2023-12-28 22:09:49'),
(371, 20, 'Albasu', '2023-12-28 22:09:49', '2023-12-28 22:09:49'),
(372, 20, 'Bagwai', '2023-12-28 22:09:49', '2023-12-28 22:09:49'),
(373, 20, 'Bebeji', '2023-12-28 22:09:49', '2023-12-28 22:09:49'),
(374, 20, 'Bichi', '2023-12-28 22:09:49', '2023-12-28 22:09:49'),
(375, 20, 'Bunkure', '2023-12-28 22:09:49', '2023-12-28 22:09:49'),
(376, 20, 'Dala', '2023-12-28 22:09:49', '2023-12-28 22:09:49'),
(377, 20, 'Dambatta', '2023-12-28 22:09:49', '2023-12-28 22:09:49'),
(378, 20, 'Dawakin Kudu', '2023-12-28 22:09:49', '2023-12-28 22:09:49'),
(379, 20, 'Dawakin Tofa', '2023-12-28 22:09:49', '2023-12-28 22:09:49'),
(380, 20, 'Doguwa', '2023-12-28 22:09:49', '2023-12-28 22:09:49'),
(381, 20, 'Fagge', '2023-12-28 22:09:49', '2023-12-28 22:09:49'),
(382, 20, 'Gabasawa', '2023-12-28 22:09:49', '2023-12-28 22:09:49'),
(383, 20, 'Garko', '2023-12-28 22:09:49', '2023-12-28 22:09:49'),
(384, 20, 'Garun Mallam', '2023-12-28 22:09:49', '2023-12-28 22:09:49'),
(385, 20, 'Gaya', '2023-12-28 22:09:49', '2023-12-28 22:09:49'),
(386, 20, 'Gezawa', '2023-12-28 22:09:49', '2023-12-28 22:09:49'),
(387, 20, 'Gwale', '2023-12-28 22:09:49', '2023-12-28 22:09:49'),
(388, 20, 'Gwarzo', '2023-12-28 22:09:49', '2023-12-28 22:09:49'),
(389, 20, 'Kabo', '2023-12-28 22:09:49', '2023-12-28 22:09:49'),
(390, 20, 'Kano Municipal', '2023-12-28 22:09:49', '2023-12-28 22:09:49'),
(391, 20, 'Karaye', '2023-12-28 22:09:49', '2023-12-28 22:09:49'),
(392, 20, 'Kibiya', '2023-12-28 22:09:49', '2023-12-28 22:09:49'),
(393, 20, 'Kiru', '2023-12-28 22:09:49', '2023-12-28 22:09:49'),
(394, 20, 'Kumbotso', '2023-12-28 22:09:49', '2023-12-28 22:09:49'),
(395, 20, 'Kunchi', '2023-12-28 22:09:49', '2023-12-28 22:09:49'),
(396, 20, 'Kura', '2023-12-28 22:09:49', '2023-12-28 22:09:49'),
(397, 20, 'Madobi', '2023-12-28 22:09:49', '2023-12-28 22:09:49'),
(398, 20, 'Makoda', '2023-12-28 22:09:49', '2023-12-28 22:09:49'),
(399, 20, 'Minjibir', '2023-12-28 22:09:49', '2023-12-28 22:09:49'),
(400, 20, 'Nasarawa', '2023-12-28 22:09:49', '2023-12-28 22:09:49'),
(401, 20, 'Rano', '2023-12-28 22:09:49', '2023-12-28 22:09:49'),
(402, 20, 'Rimin Gado', '2023-12-28 22:09:49', '2023-12-28 22:09:49'),
(403, 20, 'Rogo', '2023-12-28 22:09:49', '2023-12-28 22:09:49'),
(404, 20, 'Shanono', '2023-12-28 22:09:49', '2023-12-28 22:09:49'),
(405, 20, 'Sumaila', '2023-12-28 22:09:49', '2023-12-28 22:09:49'),
(406, 20, 'Takai', '2023-12-28 22:09:49', '2023-12-28 22:09:49'),
(407, 20, 'Tarauni', '2023-12-28 22:09:49', '2023-12-28 22:09:49'),
(408, 20, 'Tofa', '2023-12-28 22:09:49', '2023-12-28 22:09:49'),
(409, 20, 'Tsanyawa', '2023-12-28 22:09:49', '2023-12-28 22:09:49'),
(410, 20, 'Tudun Wada', '2023-12-28 22:09:49', '2023-12-28 22:09:49'),
(411, 20, 'Ungogo', '2023-12-28 22:09:49', '2023-12-28 22:09:49'),
(412, 20, 'Warawa', '2023-12-28 22:09:49', '2023-12-28 22:09:49'),
(413, 20, 'Wudil', '2023-12-28 22:09:49', '2023-12-28 22:09:49'),
(414, 21, 'Bakori', '2023-12-28 22:09:49', '2023-12-28 22:09:49'),
(415, 21, 'Batagarawa', '2023-12-28 22:09:49', '2023-12-28 22:09:49'),
(416, 21, 'Batsari', '2023-12-28 22:09:49', '2023-12-28 22:09:49'),
(417, 21, 'Baure', '2023-12-28 22:09:49', '2023-12-28 22:09:49'),
(418, 21, 'Bindawa', '2023-12-28 22:09:49', '2023-12-28 22:09:49'),
(419, 21, 'Charanchi', '2023-12-28 22:09:49', '2023-12-28 22:09:49'),
(420, 21, 'Dandume', '2023-12-28 22:09:49', '2023-12-28 22:09:49'),
(421, 21, 'Danja', '2023-12-28 22:09:49', '2023-12-28 22:09:49'),
(422, 21, 'Dan Musa', '2023-12-28 22:09:49', '2023-12-28 22:09:49'),
(423, 21, 'Daura', '2023-12-28 22:09:49', '2023-12-28 22:09:49'),
(424, 21, 'Dutsi', '2023-12-28 22:09:49', '2023-12-28 22:09:49'),
(425, 21, 'Dutsin Ma', '2023-12-28 22:09:49', '2023-12-28 22:09:49'),
(426, 21, 'Faskari', '2023-12-28 22:09:49', '2023-12-28 22:09:49'),
(427, 21, 'Funtua', '2023-12-28 22:09:49', '2023-12-28 22:09:49'),
(428, 21, 'Ingawa', '2023-12-28 22:09:49', '2023-12-28 22:09:49'),
(429, 21, 'Jibia', '2023-12-28 22:09:49', '2023-12-28 22:09:49'),
(430, 21, 'Kafur', '2023-12-28 22:09:49', '2023-12-28 22:09:49'),
(431, 21, 'Kaita', '2023-12-28 22:09:49', '2023-12-28 22:09:49'),
(432, 21, 'Kankara', '2023-12-28 22:09:49', '2023-12-28 22:09:49'),
(433, 21, 'Kankia', '2023-12-28 22:09:49', '2023-12-28 22:09:49'),
(434, 21, 'Katsina', '2023-12-28 22:09:49', '2023-12-28 22:09:49'),
(435, 21, 'Kurfi', '2023-12-28 22:09:49', '2023-12-28 22:09:49'),
(436, 21, 'Kusada', '2023-12-28 22:09:49', '2023-12-28 22:09:49'),
(437, 21, 'Mai\'Adua', '2023-12-28 22:09:49', '2023-12-28 22:09:49'),
(438, 21, 'Malumfashi', '2023-12-28 22:09:49', '2023-12-28 22:09:49'),
(439, 21, 'Mani', '2023-12-28 22:09:49', '2023-12-28 22:09:49'),
(440, 21, 'Mashi', '2023-12-28 22:09:49', '2023-12-28 22:09:49'),
(441, 21, 'Matazu', '2023-12-28 22:09:49', '2023-12-28 22:09:49'),
(442, 21, 'Musawa', '2023-12-28 22:09:49', '2023-12-28 22:09:49'),
(443, 21, 'Rimi', '2023-12-28 22:09:49', '2023-12-28 22:09:49'),
(444, 21, 'Sabuwa', '2023-12-28 22:09:49', '2023-12-28 22:09:49'),
(445, 21, 'Safana', '2023-12-28 22:09:49', '2023-12-28 22:09:49'),
(446, 21, 'Sandamu', '2023-12-28 22:09:49', '2023-12-28 22:09:49'),
(447, 21, 'Zango', '2023-12-28 22:09:49', '2023-12-28 22:09:49'),
(448, 22, 'Aleiro', '2023-12-28 22:09:49', '2023-12-28 22:09:49'),
(449, 22, 'Arewa Dandi', '2023-12-28 22:09:49', '2023-12-28 22:09:49'),
(450, 22, 'Argungu', '2023-12-28 22:09:49', '2023-12-28 22:09:49'),
(451, 22, 'Augie', '2023-12-28 22:09:49', '2023-12-28 22:09:49'),
(452, 22, 'Bagudo', '2023-12-28 22:09:49', '2023-12-28 22:09:49'),
(453, 22, 'Birnin Kebbi', '2023-12-28 22:09:49', '2023-12-28 22:09:49'),
(454, 22, 'Bunza', '2023-12-28 22:09:49', '2023-12-28 22:09:49'),
(455, 22, 'Dandi', '2023-12-28 22:09:49', '2023-12-28 22:09:49'),
(456, 22, 'Fakai', '2023-12-28 22:09:49', '2023-12-28 22:09:49'),
(457, 22, 'Gwandu', '2023-12-28 22:09:49', '2023-12-28 22:09:49'),
(458, 22, 'Jega', '2023-12-28 22:09:49', '2023-12-28 22:09:49'),
(459, 22, 'Kalgo', '2023-12-28 22:09:49', '2023-12-28 22:09:49'),
(460, 22, 'Koko/Besse', '2023-12-28 22:09:49', '2023-12-28 22:09:49'),
(461, 22, 'Maiyama', '2023-12-28 22:09:49', '2023-12-28 22:09:49'),
(462, 22, 'Ngaski', '2023-12-28 22:09:49', '2023-12-28 22:09:49'),
(463, 22, 'Sakaba', '2023-12-28 22:09:49', '2023-12-28 22:09:49'),
(464, 22, 'Shanga', '2023-12-28 22:09:49', '2023-12-28 22:09:49'),
(465, 22, 'Suru', '2023-12-28 22:09:49', '2023-12-28 22:09:49'),
(466, 22, 'Wasagu/Danko', '2023-12-28 22:09:49', '2023-12-28 22:09:49'),
(467, 22, 'Yauri', '2023-12-28 22:09:49', '2023-12-28 22:09:49'),
(468, 22, 'Zuru', '2023-12-28 22:09:49', '2023-12-28 22:09:49'),
(469, 23, 'Adavi', '2023-12-28 22:09:49', '2023-12-28 22:09:49'),
(470, 23, 'Ajaokuta', '2023-12-28 22:09:49', '2023-12-28 22:09:49'),
(471, 23, 'Ankpa', '2023-12-28 22:09:49', '2023-12-28 22:09:49'),
(472, 23, 'Bassa', '2023-12-28 22:09:49', '2023-12-28 22:09:49'),
(473, 23, 'Dekina', '2023-12-28 22:09:49', '2023-12-28 22:09:49'),
(474, 23, 'Ibaji', '2023-12-28 22:09:49', '2023-12-28 22:09:49'),
(475, 23, 'Idah', '2023-12-28 22:09:49', '2023-12-28 22:09:49'),
(476, 23, 'Igalamela Odolu', '2023-12-28 22:09:49', '2023-12-28 22:09:49'),
(477, 23, 'Ijumu', '2023-12-28 22:09:49', '2023-12-28 22:09:49'),
(478, 23, 'Kabba/Bunu', '2023-12-28 22:09:49', '2023-12-28 22:09:49'),
(479, 23, 'Kogi', '2023-12-28 22:09:49', '2023-12-28 22:09:49'),
(480, 23, 'Lokoja', '2023-12-28 22:09:49', '2023-12-28 22:09:49'),
(481, 23, 'Mopa Muro', '2023-12-28 22:09:49', '2023-12-28 22:09:49'),
(482, 23, 'Ofu', '2023-12-28 22:09:49', '2023-12-28 22:09:49'),
(483, 23, 'Ogori/Magongo', '2023-12-28 22:09:49', '2023-12-28 22:09:49'),
(484, 23, 'Okehi', '2023-12-28 22:09:49', '2023-12-28 22:09:49'),
(485, 23, 'Okene', '2023-12-28 22:09:49', '2023-12-28 22:09:49'),
(486, 23, 'Olamaboro', '2023-12-28 22:09:49', '2023-12-28 22:09:49'),
(487, 23, 'Omala', '2023-12-28 22:09:49', '2023-12-28 22:09:49'),
(488, 23, 'Yagba East', '2023-12-28 22:09:49', '2023-12-28 22:09:49'),
(489, 23, 'Yagba West', '2023-12-28 22:09:49', '2023-12-28 22:09:49'),
(490, 24, 'Asa', '2023-12-28 22:09:49', '2023-12-28 22:09:49'),
(491, 24, 'Baruten', '2023-12-28 22:09:49', '2023-12-28 22:09:49'),
(492, 24, 'Edu', '2023-12-28 22:09:49', '2023-12-28 22:09:49'),
(493, 24, 'Ekiti, Kwara State', '2023-12-28 22:09:49', '2023-12-28 22:09:49'),
(494, 24, 'Ifelodun', '2023-12-28 22:09:49', '2023-12-28 22:09:49'),
(495, 24, 'Ilorin East', '2023-12-28 22:09:49', '2023-12-28 22:09:49'),
(496, 24, 'Ilorin South', '2023-12-28 22:09:49', '2023-12-28 22:09:49'),
(497, 24, 'Ilorin West', '2023-12-28 22:09:49', '2023-12-28 22:09:49'),
(498, 24, 'Irepodun', '2023-12-28 22:09:49', '2023-12-28 22:09:49'),
(499, 24, 'Isin', '2023-12-28 22:09:49', '2023-12-28 22:09:49'),
(500, 24, 'Kaiama', '2023-12-28 22:09:49', '2023-12-28 22:09:49'),
(501, 24, 'Moro', '2023-12-28 22:09:49', '2023-12-28 22:09:49'),
(502, 24, 'Offa', '2023-12-28 22:09:49', '2023-12-28 22:09:49'),
(503, 24, 'Oke Ero', '2023-12-28 22:09:49', '2023-12-28 22:09:49'),
(504, 24, 'Oyun', '2023-12-28 22:09:49', '2023-12-28 22:09:49'),
(505, 24, 'Pategi', '2023-12-28 22:09:49', '2023-12-28 22:09:49'),
(506, 25, 'Agege', '2023-12-28 22:09:49', '2023-12-28 22:09:49'),
(507, 25, 'Ajeromi-Ifelodun', '2023-12-28 22:09:49', '2023-12-28 22:09:49'),
(508, 25, 'Alimosho', '2023-12-28 22:09:49', '2023-12-28 22:09:49'),
(509, 25, 'Amuwo-Odofin', '2023-12-28 22:09:49', '2023-12-28 22:09:49'),
(510, 25, 'Apapa', '2023-12-28 22:09:49', '2023-12-28 22:09:49'),
(511, 25, 'Badagry', '2023-12-28 22:09:49', '2023-12-28 22:09:49'),
(512, 25, 'Epe', '2023-12-28 22:09:49', '2023-12-28 22:09:49'),
(513, 25, 'Eti Osa', '2023-12-28 22:09:49', '2023-12-28 22:09:49'),
(514, 25, 'Ibeju-Lekki', '2023-12-28 22:09:49', '2023-12-28 22:09:49'),
(515, 25, 'Ifako-Ijaiye', '2023-12-28 22:09:49', '2023-12-28 22:09:49'),
(516, 25, 'Ikeja', '2023-12-28 22:09:49', '2023-12-28 22:09:49'),
(517, 25, 'Ikorodu', '2023-12-28 22:09:49', '2023-12-28 22:09:49'),
(518, 25, 'Kosofe', '2023-12-28 22:09:49', '2023-12-28 22:09:49'),
(519, 25, 'Lagos Island', '2023-12-28 22:09:49', '2023-12-28 22:09:49'),
(520, 25, 'Lagos Mainland', '2023-12-28 22:09:49', '2023-12-28 22:09:49'),
(521, 25, 'Mushin', '2023-12-28 22:09:49', '2023-12-28 22:09:49'),
(522, 25, 'Ojo', '2023-12-28 22:09:49', '2023-12-28 22:09:49'),
(523, 25, 'Oshodi-Isolo', '2023-12-28 22:09:49', '2023-12-28 22:09:49'),
(524, 25, 'Shomolu', '2023-12-28 22:09:49', '2023-12-28 22:09:49'),
(525, 25, 'Surulere, Lagos State', '2023-12-28 22:09:49', '2023-12-28 22:09:49'),
(526, 26, 'Akwanga', '2023-12-28 22:09:49', '2023-12-28 22:09:49'),
(527, 26, 'Awe', '2023-12-28 22:09:49', '2023-12-28 22:09:49'),
(528, 26, 'Doma', '2023-12-28 22:09:49', '2023-12-28 22:09:49'),
(529, 26, 'Karu', '2023-12-28 22:09:49', '2023-12-28 22:09:49'),
(530, 26, 'Keana', '2023-12-28 22:09:49', '2023-12-28 22:09:49'),
(531, 26, 'Keffi', '2023-12-28 22:09:49', '2023-12-28 22:09:49'),
(532, 26, 'Kokona', '2023-12-28 22:09:49', '2023-12-28 22:09:49'),
(533, 26, 'Lafia', '2023-12-28 22:09:49', '2023-12-28 22:09:49'),
(534, 26, 'Nasarawa', '2023-12-28 22:09:49', '2023-12-28 22:09:49'),
(535, 26, 'Nasarawa Egon', '2023-12-28 22:09:49', '2023-12-28 22:09:49'),
(536, 26, 'Obi', '2023-12-28 22:09:49', '2023-12-28 22:09:49'),
(537, 26, 'Toto', '2023-12-28 22:09:49', '2023-12-28 22:09:49'),
(538, 26, 'Wamba', '2023-12-28 22:09:49', '2023-12-28 22:09:49'),
(539, 27, 'Agaie', '2023-12-28 22:09:49', '2023-12-28 22:09:49'),
(540, 27, 'Agwara', '2023-12-28 22:09:49', '2023-12-28 22:09:49'),
(541, 27, 'Bida', '2023-12-28 22:09:49', '2023-12-28 22:09:49'),
(542, 27, 'Borgu', '2023-12-28 22:09:49', '2023-12-28 22:09:49'),
(543, 27, 'Bosso', '2023-12-28 22:09:49', '2023-12-28 22:09:49'),
(544, 27, 'Chanchaga', '2023-12-28 22:09:49', '2023-12-28 22:09:49'),
(545, 27, 'Edati', '2023-12-28 22:09:49', '2023-12-28 22:09:49'),
(546, 27, 'Gbako', '2023-12-28 22:09:49', '2023-12-28 22:09:49'),
(547, 27, 'Gurara', '2023-12-28 22:09:49', '2023-12-28 22:09:49'),
(548, 27, 'Katcha', '2023-12-28 22:09:49', '2023-12-28 22:09:49'),
(549, 27, 'Kontagora', '2023-12-28 22:09:49', '2023-12-28 22:09:49'),
(550, 27, 'Lapai', '2023-12-28 22:09:49', '2023-12-28 22:09:49'),
(551, 27, 'Lavun', '2023-12-28 22:09:49', '2023-12-28 22:09:49'),
(552, 27, 'Magama', '2023-12-28 22:09:49', '2023-12-28 22:09:49'),
(553, 27, 'Mariga', '2023-12-28 22:09:49', '2023-12-28 22:09:49'),
(554, 27, 'Mashegu', '2023-12-28 22:09:49', '2023-12-28 22:09:49'),
(555, 27, 'Mokwa', '2023-12-28 22:09:49', '2023-12-28 22:09:49'),
(556, 27, 'Moya', '2023-12-28 22:09:49', '2023-12-28 22:09:49'),
(557, 27, 'Paikoro', '2023-12-28 22:09:49', '2023-12-28 22:09:49'),
(558, 27, 'Rafi', '2023-12-28 22:09:49', '2023-12-28 22:09:49'),
(559, 27, 'Rijau', '2023-12-28 22:09:49', '2023-12-28 22:09:49'),
(560, 27, 'Shiroro', '2023-12-28 22:09:49', '2023-12-28 22:09:49'),
(561, 27, 'Suleja', '2023-12-28 22:09:49', '2023-12-28 22:09:49'),
(562, 27, 'Tafa', '2023-12-28 22:09:49', '2023-12-28 22:09:49'),
(563, 27, 'Wushishi', '2023-12-28 22:09:49', '2023-12-28 22:09:49'),
(564, 28, 'Abeokuta North', '2023-12-28 22:09:49', '2023-12-28 22:09:49'),
(565, 28, 'Abeokuta South', '2023-12-28 22:09:49', '2023-12-28 22:09:49'),
(566, 28, 'Ado-Odo/Ota', '2023-12-28 22:09:49', '2023-12-28 22:09:49'),
(567, 28, 'Egbado North', '2023-12-28 22:09:49', '2023-12-28 22:09:49'),
(568, 28, 'Egbado South', '2023-12-28 22:09:49', '2023-12-28 22:09:49'),
(569, 28, 'Ewekoro', '2023-12-28 22:09:49', '2023-12-28 22:09:49'),
(570, 28, 'Ifo', '2023-12-28 22:09:49', '2023-12-28 22:09:49'),
(571, 28, 'Ijebu East', '2023-12-28 22:09:49', '2023-12-28 22:09:49'),
(572, 28, 'Ijebu North', '2023-12-28 22:09:49', '2023-12-28 22:09:49'),
(573, 28, 'Ijebu North East', '2023-12-28 22:09:49', '2023-12-28 22:09:49'),
(574, 28, 'Ijebu Ode', '2023-12-28 22:09:49', '2023-12-28 22:09:49'),
(575, 28, 'Ikenne', '2023-12-28 22:09:49', '2023-12-28 22:09:49'),
(576, 28, 'Imeko Afon', '2023-12-28 22:09:49', '2023-12-28 22:09:49'),
(577, 28, 'Ipokia', '2023-12-28 22:09:49', '2023-12-28 22:09:49'),
(578, 28, 'Obafemi Owode', '2023-12-28 22:09:49', '2023-12-28 22:09:49'),
(579, 28, 'Odeda', '2023-12-28 22:09:49', '2023-12-28 22:09:49'),
(580, 28, 'Odogbolu', '2023-12-28 22:09:49', '2023-12-28 22:09:49'),
(581, 28, 'Ogun Waterside', '2023-12-28 22:09:49', '2023-12-28 22:09:49'),
(582, 28, 'Remo North', '2023-12-28 22:09:49', '2023-12-28 22:09:49'),
(583, 28, 'Shagamu', '2023-12-28 22:09:49', '2023-12-28 22:09:49'),
(584, 29, 'Akoko North-East', '2023-12-28 22:09:49', '2023-12-28 22:09:49'),
(585, 29, 'Akoko North-West', '2023-12-28 22:09:49', '2023-12-28 22:09:49'),
(586, 29, 'Akoko South-West', '2023-12-28 22:09:49', '2023-12-28 22:09:49'),
(587, 29, 'Akoko South-East', '2023-12-28 22:09:49', '2023-12-28 22:09:49'),
(588, 29, 'Akure North', '2023-12-28 22:09:49', '2023-12-28 22:09:49'),
(589, 29, 'Akure South', '2023-12-28 22:09:49', '2023-12-28 22:09:49'),
(590, 29, 'Ese Odo', '2023-12-28 22:09:49', '2023-12-28 22:09:49'),
(591, 29, 'Idanre', '2023-12-28 22:09:49', '2023-12-28 22:09:49'),
(592, 29, 'Ifedore', '2023-12-28 22:09:49', '2023-12-28 22:09:49'),
(593, 29, 'Ilaje', '2023-12-28 22:09:49', '2023-12-28 22:09:49'),
(594, 29, 'Ile Oluji/Okeigbo', '2023-12-28 22:09:49', '2023-12-28 22:09:49'),
(595, 29, 'Irele', '2023-12-28 22:09:49', '2023-12-28 22:09:49'),
(596, 29, 'Odigbo', '2023-12-28 22:09:49', '2023-12-28 22:09:49'),
(597, 29, 'Okitipupa', '2023-12-28 22:09:49', '2023-12-28 22:09:49'),
(598, 29, 'Ondo East', '2023-12-28 22:09:49', '2023-12-28 22:09:49'),
(599, 29, 'Ondo West', '2023-12-28 22:09:49', '2023-12-28 22:09:49'),
(600, 29, 'Ose', '2023-12-28 22:09:49', '2023-12-28 22:09:49'),
(601, 29, 'Owo', '2023-12-28 22:09:49', '2023-12-28 22:09:49'),
(602, 30, 'Atakunmosa East', '2023-12-28 22:09:49', '2023-12-28 22:09:49'),
(603, 30, 'Atakunmosa West', '2023-12-28 22:09:49', '2023-12-28 22:09:49'),
(604, 30, 'Aiyedaade', '2023-12-28 22:09:49', '2023-12-28 22:09:49'),
(605, 30, 'Aiyedire', '2023-12-28 22:09:49', '2023-12-28 22:09:49'),
(606, 30, 'Boluwaduro', '2023-12-28 22:09:49', '2023-12-28 22:09:49'),
(607, 30, 'Boripe', '2023-12-28 22:09:49', '2023-12-28 22:09:49'),
(608, 30, 'Ede North', '2023-12-28 22:09:49', '2023-12-28 22:09:49'),
(609, 30, 'Ede South', '2023-12-28 22:09:49', '2023-12-28 22:09:49'),
(610, 30, 'Ife Central', '2023-12-28 22:09:49', '2023-12-28 22:09:49'),
(611, 30, 'Ife East', '2023-12-28 22:09:49', '2023-12-28 22:09:49'),
(612, 30, 'Ife North', '2023-12-28 22:09:49', '2023-12-28 22:09:49'),
(613, 30, 'Ife South', '2023-12-28 22:09:49', '2023-12-28 22:09:49'),
(614, 30, 'Egbedore', '2023-12-28 22:09:49', '2023-12-28 22:09:49'),
(615, 30, 'Ejigbo', '2023-12-28 22:09:49', '2023-12-28 22:09:49'),
(616, 30, 'Ifedayo', '2023-12-28 22:09:49', '2023-12-28 22:09:49'),
(617, 30, 'Ifelodun', '2023-12-28 22:09:49', '2023-12-28 22:09:49'),
(618, 30, 'Ila', '2023-12-28 22:09:49', '2023-12-28 22:09:49'),
(619, 30, 'Ilesa East', '2023-12-28 22:09:49', '2023-12-28 22:09:49'),
(620, 30, 'Ilesa West', '2023-12-28 22:09:49', '2023-12-28 22:09:49'),
(621, 30, 'Irepodun', '2023-12-28 22:09:49', '2023-12-28 22:09:49'),
(622, 30, 'Irewole', '2023-12-28 22:09:49', '2023-12-28 22:09:49'),
(623, 30, 'Isokan', '2023-12-28 22:09:49', '2023-12-28 22:09:49'),
(624, 30, 'Iwo', '2023-12-28 22:09:49', '2023-12-28 22:09:49'),
(625, 30, 'Obokun', '2023-12-28 22:09:49', '2023-12-28 22:09:49'),
(626, 30, 'Odo Otin', '2023-12-28 22:09:49', '2023-12-28 22:09:49'),
(627, 30, 'Ola Oluwa', '2023-12-28 22:09:49', '2023-12-28 22:09:49'),
(628, 30, 'Olorunda', '2023-12-28 22:09:49', '2023-12-28 22:09:49'),
(629, 30, 'Oriade', '2023-12-28 22:09:49', '2023-12-28 22:09:49'),
(630, 30, 'Orolu', '2023-12-28 22:09:49', '2023-12-28 22:09:49'),
(631, 30, 'Osogbo', '2023-12-28 22:09:49', '2023-12-28 22:09:49'),
(632, 31, 'Afijio', '2023-12-28 22:09:49', '2023-12-28 22:09:49'),
(633, 31, 'Akinyele', '2023-12-28 22:09:49', '2023-12-28 22:09:49'),
(634, 31, 'Atiba', '2023-12-28 22:09:49', '2023-12-28 22:09:49'),
(635, 31, 'Atisbo', '2023-12-28 22:09:49', '2023-12-28 22:09:49'),
(636, 31, 'Egbeda', '2023-12-28 22:09:49', '2023-12-28 22:09:49'),
(637, 31, 'Ibadan North', '2023-12-28 22:09:49', '2023-12-28 22:09:49'),
(638, 31, 'Ibadan North-East', '2023-12-28 22:09:49', '2023-12-28 22:09:49'),
(639, 31, 'Ibadan North-West', '2023-12-28 22:09:49', '2023-12-28 22:09:49'),
(640, 31, 'Ibadan South-East', '2023-12-28 22:09:49', '2023-12-28 22:09:49'),
(641, 31, 'Ibadan South-West', '2023-12-28 22:09:49', '2023-12-28 22:09:49'),
(642, 31, 'Ibarapa Central', '2023-12-28 22:09:49', '2023-12-28 22:09:49'),
(643, 31, 'Ibarapa East', '2023-12-28 22:09:49', '2023-12-28 22:09:49'),
(644, 31, 'Ibarapa North', '2023-12-28 22:09:49', '2023-12-28 22:09:49'),
(645, 31, 'Ido', '2023-12-28 22:09:49', '2023-12-28 22:09:49'),
(646, 31, 'Irepo', '2023-12-28 22:09:49', '2023-12-28 22:09:49'),
(647, 31, 'Iseyin', '2023-12-28 22:09:49', '2023-12-28 22:09:49'),
(648, 31, 'Itesiwaju', '2023-12-28 22:09:49', '2023-12-28 22:09:49'),
(649, 31, 'Iwajowa', '2023-12-28 22:09:49', '2023-12-28 22:09:49'),
(650, 31, 'Kajola', '2023-12-28 22:09:49', '2023-12-28 22:09:49'),
(651, 31, 'Lagelu', '2023-12-28 22:09:49', '2023-12-28 22:09:49'),
(652, 31, 'Ogbomosho North', '2023-12-28 22:09:49', '2023-12-28 22:09:49'),
(653, 31, 'Ogbomosho South', '2023-12-28 22:09:49', '2023-12-28 22:09:49'),
(654, 31, 'Ogo Oluwa', '2023-12-28 22:09:49', '2023-12-28 22:09:49'),
(655, 31, 'Olorunsogo', '2023-12-28 22:09:49', '2023-12-28 22:09:49'),
(656, 31, 'Oluyole', '2023-12-28 22:09:49', '2023-12-28 22:09:49'),
(657, 31, 'Ona Ara', '2023-12-28 22:09:49', '2023-12-28 22:09:49'),
(658, 31, 'Orelope', '2023-12-28 22:09:49', '2023-12-28 22:09:49'),
(659, 31, 'Ori Ire', '2023-12-28 22:09:49', '2023-12-28 22:09:49'),
(660, 31, 'Oyo', '2023-12-28 22:09:49', '2023-12-28 22:09:49'),
(661, 31, 'Oyo East', '2023-12-28 22:09:49', '2023-12-28 22:09:49'),
(662, 31, 'Saki East', '2023-12-28 22:09:49', '2023-12-28 22:09:49'),
(663, 31, 'Saki West', '2023-12-28 22:09:49', '2023-12-28 22:09:49'),
(664, 31, 'Surulere, Oyo State', '2023-12-28 22:09:49', '2023-12-28 22:09:49'),
(665, 32, 'Bokkos', '2023-12-28 22:09:49', '2023-12-28 22:09:49'),
(666, 32, 'Barkin Ladi', '2023-12-28 22:09:49', '2023-12-28 22:09:49'),
(667, 32, 'Bassa', '2023-12-28 22:09:49', '2023-12-28 22:09:49'),
(668, 32, 'Jos East', '2023-12-28 22:09:49', '2023-12-28 22:09:49'),
(669, 32, 'Jos North', '2023-12-28 22:09:49', '2023-12-28 22:09:49'),
(670, 32, 'Jos South', '2023-12-28 22:09:49', '2023-12-28 22:09:49'),
(671, 32, 'Kanam', '2023-12-28 22:09:49', '2023-12-28 22:09:49'),
(672, 32, 'Kanke', '2023-12-28 22:09:49', '2023-12-28 22:09:49'),
(673, 32, 'Langtang South', '2023-12-28 22:09:49', '2023-12-28 22:09:49'),
(674, 32, 'Langtang North', '2023-12-28 22:09:49', '2023-12-28 22:09:49'),
(675, 32, 'Mangu', '2023-12-28 22:09:49', '2023-12-28 22:09:49'),
(676, 32, 'Mikang', '2023-12-28 22:09:50', '2023-12-28 22:09:50'),
(677, 32, 'Pankshin', '2023-12-28 22:09:50', '2023-12-28 22:09:50'),
(678, 32, 'Qua\'an Pan', '2023-12-28 22:09:50', '2023-12-28 22:09:50'),
(679, 32, 'Riyom', '2023-12-28 22:09:50', '2023-12-28 22:09:50'),
(680, 32, 'Shendam', '2023-12-28 22:09:50', '2023-12-28 22:09:50'),
(681, 32, 'Wase', '2023-12-28 22:09:50', '2023-12-28 22:09:50'),
(682, 33, 'Abua/Odual', '2023-12-28 22:09:50', '2023-12-28 22:09:50'),
(683, 33, 'Ahoada East', '2023-12-28 22:09:50', '2023-12-28 22:09:50'),
(684, 33, 'Ahoada West', '2023-12-28 22:09:50', '2023-12-28 22:09:50'),
(685, 33, 'Akuku-Toru', '2023-12-28 22:09:50', '2023-12-28 22:09:50'),
(686, 33, 'Andoni', '2023-12-28 22:09:50', '2023-12-28 22:09:50'),
(687, 33, 'Asari-Toru', '2023-12-28 22:09:50', '2023-12-28 22:09:50'),
(688, 33, 'Bonny', '2023-12-28 22:09:50', '2023-12-28 22:09:50'),
(689, 33, 'Degema', '2023-12-28 22:09:50', '2023-12-28 22:09:50'),
(690, 33, 'Eleme', '2023-12-28 22:09:50', '2023-12-28 22:09:50'),
(691, 33, 'Emuoha', '2023-12-28 22:09:50', '2023-12-28 22:09:50'),
(692, 33, 'Etche', '2023-12-28 22:09:50', '2023-12-28 22:09:50'),
(693, 33, 'Gokana', '2023-12-28 22:09:50', '2023-12-28 22:09:50'),
(694, 33, 'Ikwerre', '2023-12-28 22:09:50', '2023-12-28 22:09:50'),
(695, 33, 'Khana', '2023-12-28 22:09:50', '2023-12-28 22:09:50'),
(696, 33, 'Obio/Akpor', '2023-12-28 22:09:50', '2023-12-28 22:09:50'),
(697, 33, 'Ogba/Egbema/Ndoni', '2023-12-28 22:09:50', '2023-12-28 22:09:50'),
(698, 33, 'Ogu/Bolo', '2023-12-28 22:09:50', '2023-12-28 22:09:50'),
(699, 33, 'Okrika', '2023-12-28 22:09:50', '2023-12-28 22:09:50'),
(700, 33, 'Omuma', '2023-12-28 22:09:50', '2023-12-28 22:09:50'),
(701, 33, 'Opobo/Nkoro', '2023-12-28 22:09:50', '2023-12-28 22:09:50'),
(702, 33, 'Oyigbo', '2023-12-28 22:09:50', '2023-12-28 22:09:50'),
(703, 33, 'Port Harcourt', '2023-12-28 22:09:50', '2023-12-28 22:09:50'),
(704, 33, 'Tai', '2023-12-28 22:09:50', '2023-12-28 22:09:50'),
(705, 34, 'Binji', '2023-12-28 22:09:50', '2023-12-28 22:09:50'),
(706, 34, 'Bodinga', '2023-12-28 22:09:50', '2023-12-28 22:09:50'),
(707, 34, 'Dange Shuni', '2023-12-28 22:09:50', '2023-12-28 22:09:50'),
(708, 34, 'Gada', '2023-12-28 22:09:50', '2023-12-28 22:09:50'),
(709, 34, 'Goronyo', '2023-12-28 22:09:50', '2023-12-28 22:09:50'),
(710, 34, 'Gudu', '2023-12-28 22:09:50', '2023-12-28 22:09:50'),
(711, 34, 'Gwadabawa', '2023-12-28 22:09:50', '2023-12-28 22:09:50'),
(712, 34, 'Illela', '2023-12-28 22:09:50', '2023-12-28 22:09:50'),
(713, 34, 'Isa', '2023-12-28 22:09:50', '2023-12-28 22:09:50'),
(714, 34, 'Kebbe', '2023-12-28 22:09:50', '2023-12-28 22:09:50'),
(715, 34, 'Kware', '2023-12-28 22:09:50', '2023-12-28 22:09:50'),
(716, 34, 'Rabah', '2023-12-28 22:09:50', '2023-12-28 22:09:50'),
(717, 34, 'Sabon Birni', '2023-12-28 22:09:50', '2023-12-28 22:09:50'),
(718, 34, 'Shagari', '2023-12-28 22:09:50', '2023-12-28 22:09:50'),
(719, 34, 'Silame', '2023-12-28 22:09:50', '2023-12-28 22:09:50'),
(720, 34, 'Sokoto North', '2023-12-28 22:09:50', '2023-12-28 22:09:50'),
(721, 34, 'Sokoto South', '2023-12-28 22:09:50', '2023-12-28 22:09:50'),
(722, 34, 'Tambuwal', '2023-12-28 22:09:50', '2023-12-28 22:09:50'),
(723, 34, 'Tangaza', '2023-12-28 22:09:50', '2023-12-28 22:09:50'),
(724, 34, 'Tureta', '2023-12-28 22:09:50', '2023-12-28 22:09:50'),
(725, 34, 'Wamako', '2023-12-28 22:09:50', '2023-12-28 22:09:50'),
(726, 34, 'Wurno', '2023-12-28 22:09:50', '2023-12-28 22:09:50'),
(727, 34, 'Yabo', '2023-12-28 22:09:50', '2023-12-28 22:09:50'),
(728, 35, 'Ardo Kola', '2023-12-28 22:09:50', '2023-12-28 22:09:50'),
(729, 35, 'Bali', '2023-12-28 22:09:50', '2023-12-28 22:09:50'),
(730, 35, 'Donga', '2023-12-28 22:09:50', '2023-12-28 22:09:50'),
(731, 35, 'Gashaka', '2023-12-28 22:09:50', '2023-12-28 22:09:50'),
(732, 35, 'Gassol', '2023-12-28 22:09:50', '2023-12-28 22:09:50'),
(733, 35, 'Ibi', '2023-12-28 22:09:50', '2023-12-28 22:09:50'),
(734, 35, 'Jalingo', '2023-12-28 22:09:50', '2023-12-28 22:09:50'),
(735, 35, 'Karim Lamido', '2023-12-28 22:09:50', '2023-12-28 22:09:50'),
(736, 35, 'Kumi', '2023-12-28 22:09:50', '2023-12-28 22:09:50'),
(737, 35, 'Lau', '2023-12-28 22:09:50', '2023-12-28 22:09:50'),
(738, 35, 'Sardauna', '2023-12-28 22:09:50', '2023-12-28 22:09:50'),
(739, 35, 'Takum', '2023-12-28 22:09:50', '2023-12-28 22:09:50'),
(740, 35, 'Ussa', '2023-12-28 22:09:50', '2023-12-28 22:09:50'),
(741, 35, 'Wukari', '2023-12-28 22:09:50', '2023-12-28 22:09:50'),
(742, 35, 'Yorro', '2023-12-28 22:09:50', '2023-12-28 22:09:50'),
(743, 35, 'Zing', '2023-12-28 22:09:50', '2023-12-28 22:09:50'),
(744, 36, 'Bade', '2023-12-28 22:09:50', '2023-12-28 22:09:50'),
(745, 36, 'Bursari', '2023-12-28 22:09:50', '2023-12-28 22:09:50'),
(746, 36, 'Damaturu', '2023-12-28 22:09:50', '2023-12-28 22:09:50'),
(747, 36, 'Fika', '2023-12-28 22:09:50', '2023-12-28 22:09:50'),
(748, 36, 'Fune', '2023-12-28 22:09:50', '2023-12-28 22:09:50'),
(749, 36, 'Geidam', '2023-12-28 22:09:50', '2023-12-28 22:09:50'),
(750, 36, 'Gujba', '2023-12-28 22:09:50', '2023-12-28 22:09:50'),
(751, 36, 'Gulani', '2023-12-28 22:09:50', '2023-12-28 22:09:50'),
(752, 36, 'Jakusko', '2023-12-28 22:09:50', '2023-12-28 22:09:50'),
(753, 36, 'Karasuwa', '2023-12-28 22:09:50', '2023-12-28 22:09:50');
INSERT INTO `lgas` (`id`, `state_id`, `name`, `created_at`, `updated_at`) VALUES
(754, 36, 'Machina', '2023-12-28 22:09:50', '2023-12-28 22:09:50'),
(755, 36, 'Nangere', '2023-12-28 22:09:50', '2023-12-28 22:09:50'),
(756, 36, 'Nguru', '2023-12-28 22:09:50', '2023-12-28 22:09:50'),
(757, 36, 'Potiskum', '2023-12-28 22:09:50', '2023-12-28 22:09:50'),
(758, 36, 'Tarmuwa', '2023-12-28 22:09:50', '2023-12-28 22:09:50'),
(759, 36, 'Yunusari', '2023-12-28 22:09:50', '2023-12-28 22:09:50'),
(760, 36, 'Yusufari', '2023-12-28 22:09:50', '2023-12-28 22:09:50'),
(761, 37, 'Anka', '2023-12-28 22:09:50', '2023-12-28 22:09:50'),
(762, 37, 'Bakura', '2023-12-28 22:09:50', '2023-12-28 22:09:50'),
(763, 37, 'Birnin Magaji/Kiyaw', '2023-12-28 22:09:50', '2023-12-28 22:09:50'),
(764, 37, 'Bukkuyum', '2023-12-28 22:09:50', '2023-12-28 22:09:50'),
(765, 37, 'Bungudu', '2023-12-28 22:09:50', '2023-12-28 22:09:50'),
(766, 37, 'Gummi', '2023-12-28 22:09:50', '2023-12-28 22:09:50'),
(767, 37, 'Gusau', '2023-12-28 22:09:50', '2023-12-28 22:09:50'),
(768, 37, 'Kaura Namoda', '2023-12-28 22:09:50', '2023-12-28 22:09:50'),
(769, 37, 'Maradun', '2023-12-28 22:09:50', '2023-12-28 22:09:50'),
(770, 37, 'Maru', '2023-12-28 22:09:50', '2023-12-28 22:09:50'),
(771, 37, 'Shinkafi', '2023-12-28 22:09:50', '2023-12-28 22:09:50'),
(772, 37, 'Talata Mafara', '2023-12-28 22:09:50', '2023-12-28 22:09:50'),
(773, 37, 'Chafe', '2023-12-28 22:09:50', '2023-12-28 22:09:50'),
(774, 37, 'Zurmi', '2023-12-28 22:09:50', '2023-12-28 22:09:50');

-- --------------------------------------------------------

--
-- Table structure for table `marks`
--

CREATE TABLE `marks` (
  `id` int(10) UNSIGNED NOT NULL,
  `student_id` int(10) UNSIGNED NOT NULL,
  `subject_id` int(10) UNSIGNED NOT NULL,
  `my_class_id` int(10) UNSIGNED NOT NULL,
  `section_id` int(10) UNSIGNED NOT NULL,
  `exam_id` int(10) UNSIGNED NOT NULL,
  `t1` int(11) DEFAULT NULL,
  `t2` int(11) DEFAULT NULL,
  `t3` int(11) DEFAULT NULL,
  `t4` int(11) DEFAULT NULL,
  `tca` int(11) DEFAULT NULL,
  `exm` int(11) DEFAULT NULL,
  `tex1` int(11) DEFAULT NULL,
  `tex2` int(11) DEFAULT NULL,
  `tex3` int(11) DEFAULT NULL,
  `sub_pos` tinyint(4) DEFAULT NULL,
  `cum` int(11) DEFAULT NULL,
  `cum_ave` varchar(255) DEFAULT NULL,
  `grade_id` int(10) UNSIGNED DEFAULT NULL,
  `year` varchar(255) NOT NULL,
  `created_at` timestamp NULL DEFAULT NULL,
  `updated_at` timestamp NULL DEFAULT NULL
) ENGINE=InnoDB DEFAULT CHARSET=utf8mb4 COLLATE=utf8mb4_unicode_ci;

-- --------------------------------------------------------

--
-- Table structure for table `migrations`
--

CREATE TABLE `migrations` (
  `id` int(10) UNSIGNED NOT NULL,
  `migration` varchar(255) NOT NULL,
  `batch` int(11) NOT NULL
) ENGINE=InnoDB DEFAULT CHARSET=utf8mb4 COLLATE=utf8mb4_unicode_ci;

--
-- Dumping data for table `migrations`
--

INSERT INTO `migrations` (`id`, `migration`, `batch`) VALUES
(1, '2013_09_20_121733_create_blood_groups_table', 1),
(2, '2013_09_22_124750_create_states_table', 1),
(3, '2013_09_22_124806_create_lgas_table', 1),
(4, '2013_09_26_121148_create_nationalities_table', 1),
(5, '2014_10_12_000000_create_users_table', 1),
(6, '2014_10_12_100000_create_password_resets_table', 1),
(7, '2018_09_20_100249_create_user_types_table', 1),
(8, '2018_09_20_150906_create_class_types_table', 1),
(9, '2018_09_22_073005_create_my_classes_table', 1),
(10, '2018_09_22_073526_create_sections_table', 1),
(11, '2018_09_22_080555_create_settings_table', 1),
(12, '2018_09_22_081302_create_subjects_table', 1),
(13, '2018_09_22_151514_create_student_records_table', 1),
(14, '2018_09_26_124241_create_dorms_table', 1),
(15, '2018_10_04_224910_create_exams_table', 1),
(16, '2018_10_06_224846_create_marks_table', 1),
(17, '2018_10_06_224944_create_grades_table', 1),
(18, '2018_10_06_225007_create_pins_table', 1),
(19, '2018_10_18_205550_create_skills_table', 1),
(20, '2018_10_18_205842_create_exam_records_table', 1),
(21, '2018_10_31_191358_create_books_table', 1),
(22, '2018_10_31_192540_create_book_requests_table', 1),
(23, '2018_11_01_132115_create_staff_records_table', 1),
(24, '2018_11_03_210758_create_payments_table', 1),
(25, '2018_11_03_210817_create_payment_records_table', 1),
(26, '2018_11_06_083707_create_receipts_table', 1),
(27, '2018_11_27_180401_create_time_tables_table', 1),
(28, '2019_09_22_142514_create_fks', 1),
(29, '2019_09_26_132227_create_promotions_table', 1);

-- --------------------------------------------------------

--
-- Table structure for table `my_classes`
--

CREATE TABLE `my_classes` (
  `id` int(10) UNSIGNED NOT NULL,
  `name` varchar(100) NOT NULL,
  `class_type_id` int(10) UNSIGNED DEFAULT NULL,
  `created_at` timestamp NULL DEFAULT NULL,
  `updated_at` timestamp NULL DEFAULT NULL
) ENGINE=InnoDB DEFAULT CHARSET=utf8mb4 COLLATE=utf8mb4_unicode_ci;

--
-- Dumping data for table `my_classes`
--

INSERT INTO `my_classes` (`id`, `name`, `class_type_id`, `created_at`, `updated_at`) VALUES
(1, 'Nursery 1', 3, NULL, NULL),
(2, 'Nursery 2', 3, NULL, NULL),
(3, 'Nursery 3', 3, NULL, NULL),
(4, 'Primary 1', 4, NULL, NULL),
(5, 'Primary 2', 4, NULL, NULL),
(6, 'JSS 2', 5, NULL, NULL),
(7, 'JSS 3', 5, NULL, NULL),
(8, 'SSS 1', 6, NULL, NULL),
(9, 'SSS 2', 6, NULL, NULL),
(10, 'SSS 3', 6, NULL, NULL);

-- --------------------------------------------------------

--
-- Table structure for table `nationalities`
--

CREATE TABLE `nationalities` (
  `id` int(10) UNSIGNED NOT NULL,
  `name` varchar(255) NOT NULL,
  `created_at` timestamp NULL DEFAULT NULL,
  `updated_at` timestamp NULL DEFAULT NULL
) ENGINE=InnoDB DEFAULT CHARSET=utf8mb4 COLLATE=utf8mb4_unicode_ci;

--
-- Dumping data for table `nationalities`
--

INSERT INTO `nationalities` (`id`, `name`, `created_at`, `updated_at`) VALUES
(1, 'Afghan', '2023-12-28 22:09:48', '2023-12-28 22:09:48'),
(2, 'Albanian', '2023-12-28 22:09:48', '2023-12-28 22:09:48'),
(3, 'Algerian', '2023-12-28 22:09:48', '2023-12-28 22:09:48'),
(4, 'American', '2023-12-28 22:09:48', '2023-12-28 22:09:48'),
(5, 'Andorran', '2023-12-28 22:09:48', '2023-12-28 22:09:48'),
(6, 'Angolan', '2023-12-28 22:09:48', '2023-12-28 22:09:48'),
(7, 'Antiguans', '2023-12-28 22:09:48', '2023-12-28 22:09:48'),
(8, 'Argentinean', '2023-12-28 22:09:48', '2023-12-28 22:09:48'),
(9, 'Armenian', '2023-12-28 22:09:48', '2023-12-28 22:09:48'),
(10, 'Australian', '2023-12-28 22:09:48', '2023-12-28 22:09:48'),
(11, 'Austrian', '2023-12-28 22:09:48', '2023-12-28 22:09:48'),
(12, 'Azerbaijani', '2023-12-28 22:09:48', '2023-12-28 22:09:48'),
(13, 'Bahamian', '2023-12-28 22:09:48', '2023-12-28 22:09:48'),
(14, 'Bahraini', '2023-12-28 22:09:48', '2023-12-28 22:09:48'),
(15, 'Bangladeshi', '2023-12-28 22:09:48', '2023-12-28 22:09:48'),
(16, 'Barbadian', '2023-12-28 22:09:48', '2023-12-28 22:09:48'),
(17, 'Barbudans', '2023-12-28 22:09:48', '2023-12-28 22:09:48'),
(18, 'Batswana', '2023-12-28 22:09:48', '2023-12-28 22:09:48'),
(19, 'Belarusian', '2023-12-28 22:09:48', '2023-12-28 22:09:48'),
(20, 'Belgian', '2023-12-28 22:09:48', '2023-12-28 22:09:48'),
(21, 'Belizean', '2023-12-28 22:09:48', '2023-12-28 22:09:48'),
(22, 'Beninese', '2023-12-28 22:09:48', '2023-12-28 22:09:48'),
(23, 'Bhutanese', '2023-12-28 22:09:48', '2023-12-28 22:09:48'),
(24, 'Bolivian', '2023-12-28 22:09:48', '2023-12-28 22:09:48'),
(25, 'Bosnian', '2023-12-28 22:09:48', '2023-12-28 22:09:48'),
(26, 'Brazilian', '2023-12-28 22:09:48', '2023-12-28 22:09:48'),
(27, 'British', '2023-12-28 22:09:48', '2023-12-28 22:09:48'),
(28, 'Bruneian', '2023-12-28 22:09:48', '2023-12-28 22:09:48'),
(29, 'Bulgarian', '2023-12-28 22:09:48', '2023-12-28 22:09:48'),
(30, 'Burkinabe', '2023-12-28 22:09:48', '2023-12-28 22:09:48'),
(31, 'Burmese', '2023-12-28 22:09:48', '2023-12-28 22:09:48'),
(32, 'Burundian', '2023-12-28 22:09:48', '2023-12-28 22:09:48'),
(33, 'Cambodian', '2023-12-28 22:09:48', '2023-12-28 22:09:48'),
(34, 'Cameroonian', '2023-12-28 22:09:48', '2023-12-28 22:09:48'),
(35, 'Canadian', '2023-12-28 22:09:48', '2023-12-28 22:09:48'),
(36, 'Cape Verdean', '2023-12-28 22:09:48', '2023-12-28 22:09:48'),
(37, 'Central African', '2023-12-28 22:09:48', '2023-12-28 22:09:48'),
(38, 'Chadian', '2023-12-28 22:09:48', '2023-12-28 22:09:48'),
(39, 'Chilean', '2023-12-28 22:09:48', '2023-12-28 22:09:48'),
(40, 'Chinese', '2023-12-28 22:09:48', '2023-12-28 22:09:48'),
(41, 'Colombian', '2023-12-28 22:09:48', '2023-12-28 22:09:48'),
(42, 'Comoran', '2023-12-28 22:09:48', '2023-12-28 22:09:48'),
(43, 'Congolese', '2023-12-28 22:09:48', '2023-12-28 22:09:48'),
(44, 'Costa Rican', '2023-12-28 22:09:48', '2023-12-28 22:09:48'),
(45, 'Croatian', '2023-12-28 22:09:48', '2023-12-28 22:09:48'),
(46, 'Cuban', '2023-12-28 22:09:48', '2023-12-28 22:09:48'),
(47, 'Cypriot', '2023-12-28 22:09:48', '2023-12-28 22:09:48'),
(48, 'Czech', '2023-12-28 22:09:48', '2023-12-28 22:09:48'),
(49, 'Danish', '2023-12-28 22:09:48', '2023-12-28 22:09:48'),
(50, 'Djibouti', '2023-12-28 22:09:48', '2023-12-28 22:09:48'),
(51, 'Dominican', '2023-12-28 22:09:48', '2023-12-28 22:09:48'),
(52, 'Dutch', '2023-12-28 22:09:48', '2023-12-28 22:09:48'),
(53, 'East Timorese', '2023-12-28 22:09:48', '2023-12-28 22:09:48'),
(54, 'Ecuadorean', '2023-12-28 22:09:48', '2023-12-28 22:09:48'),
(55, 'Egyptian', '2023-12-28 22:09:48', '2023-12-28 22:09:48'),
(56, 'Emirian', '2023-12-28 22:09:48', '2023-12-28 22:09:48'),
(57, 'Equatorial Guinean', '2023-12-28 22:09:48', '2023-12-28 22:09:48'),
(58, 'Eritrean', '2023-12-28 22:09:48', '2023-12-28 22:09:48'),
(59, 'Estonian', '2023-12-28 22:09:48', '2023-12-28 22:09:48'),
(60, 'Ethiopian', '2023-12-28 22:09:48', '2023-12-28 22:09:48'),
(61, 'Fijian', '2023-12-28 22:09:48', '2023-12-28 22:09:48'),
(62, 'Filipino', '2023-12-28 22:09:48', '2023-12-28 22:09:48'),
(63, 'Finnish', '2023-12-28 22:09:48', '2023-12-28 22:09:48'),
(64, 'French', '2023-12-28 22:09:48', '2023-12-28 22:09:48'),
(65, 'Gabonese', '2023-12-28 22:09:48', '2023-12-28 22:09:48'),
(66, 'Gambian', '2023-12-28 22:09:48', '2023-12-28 22:09:48'),
(67, 'Georgian', '2023-12-28 22:09:48', '2023-12-28 22:09:48'),
(68, 'German', '2023-12-28 22:09:48', '2023-12-28 22:09:48'),
(69, 'Ghanaian', '2023-12-28 22:09:48', '2023-12-28 22:09:48'),
(70, 'Greek', '2023-12-28 22:09:48', '2023-12-28 22:09:48'),
(71, 'Grenadian', '2023-12-28 22:09:48', '2023-12-28 22:09:48'),
(72, 'Guatemalan', '2023-12-28 22:09:48', '2023-12-28 22:09:48'),
(73, 'Guinea-Bissauan', '2023-12-28 22:09:48', '2023-12-28 22:09:48'),
(74, 'Guinean', '2023-12-28 22:09:48', '2023-12-28 22:09:48'),
(75, 'Guyanese', '2023-12-28 22:09:48', '2023-12-28 22:09:48'),
(76, 'Haitian', '2023-12-28 22:09:48', '2023-12-28 22:09:48'),
(77, 'Herzegovinian', '2023-12-28 22:09:48', '2023-12-28 22:09:48'),
(78, 'Honduran', '2023-12-28 22:09:48', '2023-12-28 22:09:48'),
(79, 'Hungarian', '2023-12-28 22:09:48', '2023-12-28 22:09:48'),
(80, 'I-Kiribati', '2023-12-28 22:09:48', '2023-12-28 22:09:48'),
(81, 'Icelander', '2023-12-28 22:09:48', '2023-12-28 22:09:48'),
(82, 'Indian', '2023-12-28 22:09:48', '2023-12-28 22:09:48'),
(83, 'Indonesian', '2023-12-28 22:09:48', '2023-12-28 22:09:48'),
(84, 'Iranian', '2023-12-28 22:09:48', '2023-12-28 22:09:48'),
(85, 'Iraqi', '2023-12-28 22:09:48', '2023-12-28 22:09:48'),
(86, 'Irish', '2023-12-28 22:09:48', '2023-12-28 22:09:48'),
(87, 'Israeli', '2023-12-28 22:09:48', '2023-12-28 22:09:48'),
(88, 'Italian', '2023-12-28 22:09:48', '2023-12-28 22:09:48'),
(89, 'Ivorian', '2023-12-28 22:09:48', '2023-12-28 22:09:48'),
(90, 'Jamaican', '2023-12-28 22:09:48', '2023-12-28 22:09:48'),
(91, 'Japanese', '2023-12-28 22:09:48', '2023-12-28 22:09:48'),
(92, 'Jordanian', '2023-12-28 22:09:48', '2023-12-28 22:09:48'),
(93, 'Kazakhstani', '2023-12-28 22:09:48', '2023-12-28 22:09:48'),
(94, 'Kenyan', '2023-12-28 22:09:48', '2023-12-28 22:09:48'),
(95, 'Kittian and Nevisian', '2023-12-28 22:09:48', '2023-12-28 22:09:48'),
(96, 'Kuwaiti', '2023-12-28 22:09:48', '2023-12-28 22:09:48'),
(97, 'Kyrgyz', '2023-12-28 22:09:48', '2023-12-28 22:09:48'),
(98, 'Laotian', '2023-12-28 22:09:48', '2023-12-28 22:09:48'),
(99, 'Latvian', '2023-12-28 22:09:48', '2023-12-28 22:09:48'),
(100, 'Lebanese', '2023-12-28 22:09:48', '2023-12-28 22:09:48'),
(101, 'Liberian', '2023-12-28 22:09:48', '2023-12-28 22:09:48'),
(102, 'Libyan', '2023-12-28 22:09:48', '2023-12-28 22:09:48'),
(103, 'Liechtensteiner', '2023-12-28 22:09:48', '2023-12-28 22:09:48'),
(104, 'Lithuanian', '2023-12-28 22:09:48', '2023-12-28 22:09:48'),
(105, 'Luxembourger', '2023-12-28 22:09:48', '2023-12-28 22:09:48'),
(106, 'Macedonian', '2023-12-28 22:09:48', '2023-12-28 22:09:48'),
(107, 'Malagasy', '2023-12-28 22:09:48', '2023-12-28 22:09:48'),
(108, 'Malawian', '2023-12-28 22:09:48', '2023-12-28 22:09:48'),
(109, 'Malaysian', '2023-12-28 22:09:48', '2023-12-28 22:09:48'),
(110, 'Maldivan', '2023-12-28 22:09:48', '2023-12-28 22:09:48'),
(111, 'Malian', '2023-12-28 22:09:48', '2023-12-28 22:09:48'),
(112, 'Maltese', '2023-12-28 22:09:48', '2023-12-28 22:09:48'),
(113, 'Marshallese', '2023-12-28 22:09:48', '2023-12-28 22:09:48'),
(114, 'Mauritanian', '2023-12-28 22:09:48', '2023-12-28 22:09:48'),
(115, 'Mauritian', '2023-12-28 22:09:48', '2023-12-28 22:09:48'),
(116, 'Mexican', '2023-12-28 22:09:48', '2023-12-28 22:09:48'),
(117, 'Micronesian', '2023-12-28 22:09:48', '2023-12-28 22:09:48'),
(118, 'Moldovan', '2023-12-28 22:09:48', '2023-12-28 22:09:48'),
(119, 'Monacan', '2023-12-28 22:09:48', '2023-12-28 22:09:48'),
(120, 'Mongolian', '2023-12-28 22:09:48', '2023-12-28 22:09:48'),
(121, 'Moroccan', '2023-12-28 22:09:48', '2023-12-28 22:09:48'),
(122, 'Mosotho', '2023-12-28 22:09:48', '2023-12-28 22:09:48'),
(123, 'Motswana', '2023-12-28 22:09:48', '2023-12-28 22:09:48'),
(124, 'Mozambican', '2023-12-28 22:09:48', '2023-12-28 22:09:48'),
(125, 'Namibian', '2023-12-28 22:09:48', '2023-12-28 22:09:48'),
(126, 'Nauruan', '2023-12-28 22:09:48', '2023-12-28 22:09:48'),
(127, 'Nepalese', '2023-12-28 22:09:48', '2023-12-28 22:09:48'),
(128, 'New Zealander', '2023-12-28 22:09:48', '2023-12-28 22:09:48'),
(129, 'Nicaraguan', '2023-12-28 22:09:48', '2023-12-28 22:09:48'),
(130, 'Nigerian', '2023-12-28 22:09:48', '2023-12-28 22:09:48'),
(131, 'Nigerien', '2023-12-28 22:09:48', '2023-12-28 22:09:48'),
(132, 'North Korean', '2023-12-28 22:09:48', '2023-12-28 22:09:48'),
(133, 'Northern Irish', '2023-12-28 22:09:48', '2023-12-28 22:09:48'),
(134, 'Norwegian', '2023-12-28 22:09:48', '2023-12-28 22:09:48'),
(135, 'Omani', '2023-12-28 22:09:48', '2023-12-28 22:09:48'),
(136, 'Pakistani', '2023-12-28 22:09:48', '2023-12-28 22:09:48'),
(137, 'Palauan', '2023-12-28 22:09:48', '2023-12-28 22:09:48'),
(138, 'Panamanian', '2023-12-28 22:09:48', '2023-12-28 22:09:48'),
(139, 'Papua New Guinean', '2023-12-28 22:09:48', '2023-12-28 22:09:48'),
(140, 'Paraguayan', '2023-12-28 22:09:48', '2023-12-28 22:09:48'),
(141, 'Peruvian', '2023-12-28 22:09:48', '2023-12-28 22:09:48'),
(142, 'Polish', '2023-12-28 22:09:48', '2023-12-28 22:09:48'),
(143, 'Portuguese', '2023-12-28 22:09:48', '2023-12-28 22:09:48'),
(144, 'Qatari', '2023-12-28 22:09:48', '2023-12-28 22:09:48'),
(145, 'Romanian', '2023-12-28 22:09:48', '2023-12-28 22:09:48'),
(146, 'Russian', '2023-12-28 22:09:48', '2023-12-28 22:09:48'),
(147, 'Rwandan', '2023-12-28 22:09:48', '2023-12-28 22:09:48'),
(148, 'Saint Lucian', '2023-12-28 22:09:48', '2023-12-28 22:09:48'),
(149, 'Salvadoran', '2023-12-28 22:09:48', '2023-12-28 22:09:48'),
(150, 'Samoan', '2023-12-28 22:09:48', '2023-12-28 22:09:48'),
(151, 'San Marinese', '2023-12-28 22:09:48', '2023-12-28 22:09:48'),
(152, 'Sao Tomean', '2023-12-28 22:09:48', '2023-12-28 22:09:48'),
(153, 'Saudi', '2023-12-28 22:09:48', '2023-12-28 22:09:48'),
(154, 'Scottish', '2023-12-28 22:09:48', '2023-12-28 22:09:48'),
(155, 'Senegalese', '2023-12-28 22:09:48', '2023-12-28 22:09:48'),
(156, 'Serbian', '2023-12-28 22:09:48', '2023-12-28 22:09:48'),
(157, 'Seychellois', '2023-12-28 22:09:48', '2023-12-28 22:09:48'),
(158, 'Sierra Leonean', '2023-12-28 22:09:48', '2023-12-28 22:09:48'),
(159, 'Singaporean', '2023-12-28 22:09:48', '2023-12-28 22:09:48'),
(160, 'Slovakian', '2023-12-28 22:09:48', '2023-12-28 22:09:48'),
(161, 'Slovenian', '2023-12-28 22:09:48', '2023-12-28 22:09:48'),
(162, 'Solomon Islander', '2023-12-28 22:09:48', '2023-12-28 22:09:48'),
(163, 'Somali', '2023-12-28 22:09:48', '2023-12-28 22:09:48'),
(164, 'South African', '2023-12-28 22:09:48', '2023-12-28 22:09:48'),
(165, 'South Korean', '2023-12-28 22:09:48', '2023-12-28 22:09:48'),
(166, 'Spanish', '2023-12-28 22:09:48', '2023-12-28 22:09:48'),
(167, 'Sri Lankan', '2023-12-28 22:09:48', '2023-12-28 22:09:48'),
(168, 'Sudanese', '2023-12-28 22:09:48', '2023-12-28 22:09:48'),
(169, 'Surinamer', '2023-12-28 22:09:48', '2023-12-28 22:09:48'),
(170, 'Swazi', '2023-12-28 22:09:48', '2023-12-28 22:09:48'),
(171, 'Swedish', '2023-12-28 22:09:48', '2023-12-28 22:09:48'),
(172, 'Swiss', '2023-12-28 22:09:48', '2023-12-28 22:09:48'),
(173, 'Syrian', '2023-12-28 22:09:48', '2023-12-28 22:09:48'),
(174, 'Taiwanese', '2023-12-28 22:09:48', '2023-12-28 22:09:48'),
(175, 'Tajik', '2023-12-28 22:09:48', '2023-12-28 22:09:48'),
(176, 'Tanzanian', '2023-12-28 22:09:48', '2023-12-28 22:09:48'),
(177, 'Thai', '2023-12-28 22:09:48', '2023-12-28 22:09:48'),
(178, 'Togolese', '2023-12-28 22:09:48', '2023-12-28 22:09:48'),
(179, 'Tongan', '2023-12-28 22:09:48', '2023-12-28 22:09:48'),
(180, 'Trinidadian/Tobagonian', '2023-12-28 22:09:48', '2023-12-28 22:09:48'),
(181, 'Tunisian', '2023-12-28 22:09:48', '2023-12-28 22:09:48'),
(182, 'Turkish', '2023-12-28 22:09:48', '2023-12-28 22:09:48'),
(183, 'Tuvaluan', '2023-12-28 22:09:48', '2023-12-28 22:09:48'),
(184, 'Ugandan', '2023-12-28 22:09:48', '2023-12-28 22:09:48'),
(185, 'Ukrainian', '2023-12-28 22:09:48', '2023-12-28 22:09:48'),
(186, 'Uruguayan', '2023-12-28 22:09:48', '2023-12-28 22:09:48'),
(187, 'Uzbekistani', '2023-12-28 22:09:48', '2023-12-28 22:09:48'),
(188, 'Venezuelan', '2023-12-28 22:09:48', '2023-12-28 22:09:48'),
(189, 'Vietnamese', '2023-12-28 22:09:48', '2023-12-28 22:09:48'),
(190, 'Welsh', '2023-12-28 22:09:48', '2023-12-28 22:09:48'),
(191, 'Yemenite', '2023-12-28 22:09:48', '2023-12-28 22:09:48'),
(192, 'Zambian', '2023-12-28 22:09:48', '2023-12-28 22:09:48'),
(193, 'Zimbabwean', '2023-12-28 22:09:48', '2023-12-28 22:09:48');

-- --------------------------------------------------------

--
-- Table structure for table `password_resets`
--

CREATE TABLE `password_resets` (
  `email` varchar(100) NOT NULL,
  `token` varchar(255) NOT NULL,
  `created_at` timestamp NULL DEFAULT NULL
) ENGINE=InnoDB DEFAULT CHARSET=utf8mb4 COLLATE=utf8mb4_unicode_ci;

-- --------------------------------------------------------

--
-- Table structure for table `payments`
--

CREATE TABLE `payments` (
  `id` int(10) UNSIGNED NOT NULL,
  `title` varchar(100) NOT NULL,
  `amount` int(11) NOT NULL,
  `ref_no` varchar(100) NOT NULL,
  `method` varchar(100) NOT NULL DEFAULT 'cash',
  `my_class_id` int(10) UNSIGNED DEFAULT NULL,
  `description` varchar(255) DEFAULT NULL,
  `year` varchar(255) NOT NULL,
  `created_at` timestamp NULL DEFAULT NULL,
  `updated_at` timestamp NULL DEFAULT NULL
) ENGINE=InnoDB DEFAULT CHARSET=utf8mb4 COLLATE=utf8mb4_unicode_ci;

-- --------------------------------------------------------

--
-- Table structure for table `payment_records`
--

CREATE TABLE `payment_records` (
  `id` int(10) UNSIGNED NOT NULL,
  `payment_id` int(10) UNSIGNED NOT NULL,
  `student_id` int(10) UNSIGNED NOT NULL,
  `ref_no` varchar(100) DEFAULT NULL,
  `amt_paid` int(11) DEFAULT NULL,
  `balance` int(11) DEFAULT NULL,
  `paid` tinyint(4) NOT NULL DEFAULT 0,
  `year` varchar(255) NOT NULL,
  `created_at` timestamp NULL DEFAULT NULL,
  `updated_at` timestamp NULL DEFAULT NULL
) ENGINE=InnoDB DEFAULT CHARSET=utf8mb4 COLLATE=utf8mb4_unicode_ci;

-- --------------------------------------------------------

--
-- Table structure for table `pins`
--

CREATE TABLE `pins` (
  `id` int(10) UNSIGNED NOT NULL,
  `code` varchar(40) NOT NULL,
  `used` varchar(255) NOT NULL DEFAULT '0',
  `times_used` varchar(255) NOT NULL DEFAULT '0',
  `user_id` int(10) UNSIGNED DEFAULT NULL,
  `student_id` int(10) UNSIGNED DEFAULT NULL,
  `created_at` timestamp NULL DEFAULT NULL,
  `updated_at` timestamp NULL DEFAULT NULL
) ENGINE=InnoDB DEFAULT CHARSET=utf8mb4 COLLATE=utf8mb4_unicode_ci;

-- --------------------------------------------------------

--
-- Table structure for table `promotions`
--

CREATE TABLE `promotions` (
  `id` int(10) UNSIGNED NOT NULL,
  `student_id` int(10) UNSIGNED NOT NULL,
  `from_class` int(10) UNSIGNED NOT NULL,
  `from_section` int(10) UNSIGNED NOT NULL,
  `to_class` int(10) UNSIGNED NOT NULL,
  `to_section` int(10) UNSIGNED NOT NULL,
  `grad` tinyint(4) NOT NULL,
  `from_session` varchar(255) NOT NULL,
  `to_session` varchar(255) NOT NULL,
  `status` varchar(255) NOT NULL,
  `created_at` timestamp NULL DEFAULT NULL,
  `updated_at` timestamp NULL DEFAULT NULL
) ENGINE=InnoDB DEFAULT CHARSET=utf8mb4 COLLATE=utf8mb4_unicode_ci;

-- --------------------------------------------------------

--
-- Table structure for table `receipts`
--

CREATE TABLE `receipts` (
  `id` int(10) UNSIGNED NOT NULL,
  `pr_id` int(10) UNSIGNED NOT NULL,
  `amt_paid` int(11) NOT NULL,
  `balance` int(11) NOT NULL,
  `year` varchar(255) NOT NULL,
  `created_at` timestamp NULL DEFAULT NULL,
  `updated_at` timestamp NULL DEFAULT NULL
) ENGINE=InnoDB DEFAULT CHARSET=utf8mb4 COLLATE=utf8mb4_unicode_ci;

-- --------------------------------------------------------

--
-- Table structure for table `sections`
--

CREATE TABLE `sections` (
  `id` int(10) UNSIGNED NOT NULL,
  `name` varchar(100) NOT NULL,
  `my_class_id` int(10) UNSIGNED NOT NULL,
  `teacher_id` int(10) UNSIGNED DEFAULT NULL,
  `active` tinyint(4) NOT NULL DEFAULT 0,
  `created_at` timestamp NULL DEFAULT NULL,
  `updated_at` timestamp NULL DEFAULT NULL
) ENGINE=InnoDB DEFAULT CHARSET=utf8mb4 COLLATE=utf8mb4_unicode_ci;

--
-- Dumping data for table `sections`
--

INSERT INTO `sections` (`id`, `name`, `my_class_id`, `teacher_id`, `active`, `created_at`, `updated_at`) VALUES
(1, 'Gold', 1, NULL, 1, NULL, NULL),
(2, 'Diamond', 1, NULL, 0, NULL, NULL),
(3, 'Silver', 2, NULL, 1, NULL, NULL),
(4, 'Lemon', 2, NULL, 0, NULL, NULL),
(5, 'Bronze', 3, NULL, 1, NULL, NULL),
(6, 'Silver', 4, NULL, 1, NULL, NULL),
(7, 'Diamond', 5, NULL, 1, NULL, NULL),
(8, 'Blue', 6, NULL, 1, NULL, NULL),
(9, 'A', 7, NULL, 1, NULL, NULL),
(10, 'A', 8, NULL, 1, NULL, NULL),
(11, 'A', 9, NULL, 1, NULL, NULL),
(12, 'A', 10, NULL, 1, NULL, NULL);

-- --------------------------------------------------------

--
-- Table structure for table `settings`
--

CREATE TABLE `settings` (
  `id` int(10) UNSIGNED NOT NULL,
  `type` varchar(255) NOT NULL,
  `description` varchar(255) DEFAULT NULL,
  `created_at` timestamp NULL DEFAULT NULL,
  `updated_at` timestamp NULL DEFAULT NULL
) ENGINE=InnoDB DEFAULT CHARSET=utf8mb4 COLLATE=utf8mb4_unicode_ci;

--
-- Dumping data for table `settings`
--

INSERT INTO `settings` (`id`, `type`, `description`, `created_at`, `updated_at`) VALUES
(1, 'current_session', '2018-2019', NULL, NULL),
(2, 'system_title', 'CJIA', NULL, NULL),
(3, 'system_name', 'Noman Maken ACADEMY', NULL, NULL),
(4, 'term_ends', '7/10/2018', NULL, NULL),
(5, 'term_begins', '7/10/2018', NULL, NULL),
(6, 'phone', '0123456789', NULL, NULL),
(7, 'address', '18B North Central Park, Behind Central Square Tourist Center', NULL, NULL),
(8, 'system_email', 'cjacademy@cj.com', NULL, NULL),
(9, 'alt_email', '', NULL, NULL),
(10, 'email_host', '', NULL, NULL),
(11, 'email_pass', '', NULL, NULL),
(12, 'lock_exam', '0', NULL, NULL),
(13, 'logo', '', NULL, NULL),
(14, 'next_term_fees_j', '20000', NULL, NULL),
(15, 'next_term_fees_pn', '25000', NULL, NULL),
(16, 'next_term_fees_p', '25000', NULL, NULL),
(17, 'next_term_fees_n', '25600', NULL, NULL),
(18, 'next_term_fees_s', '15600', NULL, NULL),
(19, 'next_term_fees_c', '1600', NULL, NULL);

-- --------------------------------------------------------

--
-- Table structure for table `skills`
--

CREATE TABLE `skills` (
  `id` int(10) UNSIGNED NOT NULL,
  `name` varchar(255) NOT NULL,
  `skill_type` varchar(255) NOT NULL,
  `class_type` varchar(255) DEFAULT NULL,
  `created_at` timestamp NULL DEFAULT NULL,
  `updated_at` timestamp NULL DEFAULT NULL
) ENGINE=InnoDB DEFAULT CHARSET=utf8mb4 COLLATE=utf8mb4_unicode_ci;

--
-- Dumping data for table `skills`
--

INSERT INTO `skills` (`id`, `name`, `skill_type`, `class_type`, `created_at`, `updated_at`) VALUES
(1, 'PUNCTUALITY', 'AF', NULL, NULL, NULL),
(2, 'NEATNESS', 'AF', NULL, NULL, NULL),
(3, 'HONESTY', 'AF', NULL, NULL, NULL),
(4, 'RELIABILITY', 'AF', NULL, NULL, NULL),
(5, 'RELATIONSHIP WITH OTHERS', 'AF', NULL, NULL, NULL),
(6, 'POLITENESS', 'AF', NULL, NULL, NULL),
(7, 'ALERTNESS', 'AF', NULL, NULL, NULL),
(8, 'HANDWRITING', 'PS', NULL, NULL, NULL),
(9, 'GAMES & SPORTS', 'PS', NULL, NULL, NULL),
(10, 'DRAWING & ARTS', 'PS', NULL, NULL, NULL),
(11, 'PAINTING', 'PS', NULL, NULL, NULL),
(12, 'CONSTRUCTION', 'PS', NULL, NULL, NULL),
(13, 'MUSICAL SKILLS', 'PS', NULL, NULL, NULL),
(14, 'FLEXIBILITY', 'PS', NULL, NULL, NULL);

-- --------------------------------------------------------

--
-- Table structure for table `staff_records`
--

CREATE TABLE `staff_records` (
  `id` int(10) UNSIGNED NOT NULL,
  `user_id` int(10) UNSIGNED NOT NULL,
  `code` varchar(100) DEFAULT NULL,
  `emp_date` varchar(255) DEFAULT NULL,
  `created_at` timestamp NULL DEFAULT NULL,
  `updated_at` timestamp NULL DEFAULT NULL
) ENGINE=InnoDB DEFAULT CHARSET=utf8mb4 COLLATE=utf8mb4_unicode_ci;

-- --------------------------------------------------------

--
-- Table structure for table `states`
--

CREATE TABLE `states` (
  `id` int(10) UNSIGNED NOT NULL,
  `name` varchar(255) NOT NULL,
  `created_at` timestamp NULL DEFAULT NULL,
  `updated_at` timestamp NULL DEFAULT NULL
) ENGINE=InnoDB DEFAULT CHARSET=utf8mb4 COLLATE=utf8mb4_unicode_ci;

--
-- Dumping data for table `states`
--

INSERT INTO `states` (`id`, `name`, `created_at`, `updated_at`) VALUES
(1, 'Abia', '2023-12-28 22:09:48', '2023-12-28 22:09:48'),
(2, 'Adamawa', '2023-12-28 22:09:48', '2023-12-28 22:09:48'),
(3, 'Akwa Ibom', '2023-12-28 22:09:48', '2023-12-28 22:09:48'),
(4, 'Anambra', '2023-12-28 22:09:48', '2023-12-28 22:09:48'),
(5, 'Bauchi', '2023-12-28 22:09:48', '2023-12-28 22:09:48'),
(6, 'Bayelsa', '2023-12-28 22:09:48', '2023-12-28 22:09:48'),
(7, 'Benue', '2023-12-28 22:09:48', '2023-12-28 22:09:48'),
(8, 'Borno', '2023-12-28 22:09:48', '2023-12-28 22:09:48'),
(9, 'Cross River', '2023-12-28 22:09:48', '2023-12-28 22:09:48'),
(10, 'Delta', '2023-12-28 22:09:48', '2023-12-28 22:09:48'),
(11, 'Ebonyi', '2023-12-28 22:09:48', '2023-12-28 22:09:48'),
(12, 'Edo', '2023-12-28 22:09:48', '2023-12-28 22:09:48'),
(13, 'Ekiti', '2023-12-28 22:09:48', '2023-12-28 22:09:48'),
(14, 'Enugu', '2023-12-28 22:09:48', '2023-12-28 22:09:48'),
(15, 'FCT', '2023-12-28 22:09:48', '2023-12-28 22:09:48'),
(16, 'Gombe', '2023-12-28 22:09:48', '2023-12-28 22:09:48'),
(17, 'Imo', '2023-12-28 22:09:48', '2023-12-28 22:09:48'),
(18, 'Jigawa', '2023-12-28 22:09:48', '2023-12-28 22:09:48'),
(19, 'Kaduna', '2023-12-28 22:09:48', '2023-12-28 22:09:48'),
(20, 'Kano', '2023-12-28 22:09:48', '2023-12-28 22:09:48'),
(21, 'Katsina', '2023-12-28 22:09:48', '2023-12-28 22:09:48'),
(22, 'Kebbi', '2023-12-28 22:09:48', '2023-12-28 22:09:48'),
(23, 'Kogi', '2023-12-28 22:09:48', '2023-12-28 22:09:48'),
(24, 'Kwara', '2023-12-28 22:09:48', '2023-12-28 22:09:48'),
(25, 'Lagos', '2023-12-28 22:09:48', '2023-12-28 22:09:48'),
(26, 'Nasarawa', '2023-12-28 22:09:48', '2023-12-28 22:09:48'),
(27, 'Niger', '2023-12-28 22:09:48', '2023-12-28 22:09:48'),
(28, 'Ogun', '2023-12-28 22:09:48', '2023-12-28 22:09:48'),
(29, 'Ondo', '2023-12-28 22:09:48', '2023-12-28 22:09:48'),
(30, 'Osun', '2023-12-28 22:09:48', '2023-12-28 22:09:48'),
(31, 'Oyo', '2023-12-28 22:09:48', '2023-12-28 22:09:48'),
(32, 'Plateau', '2023-12-28 22:09:48', '2023-12-28 22:09:48'),
(33, 'Rivers', '2023-12-28 22:09:48', '2023-12-28 22:09:48'),
(34, 'Sokoto', '2023-12-28 22:09:48', '2023-12-28 22:09:48'),
(35, 'Taraba', '2023-12-28 22:09:48', '2023-12-28 22:09:48'),
(36, 'Yobe', '2023-12-28 22:09:48', '2023-12-28 22:09:48'),
(37, 'Zamfara', '2023-12-28 22:09:48', '2023-12-28 22:09:48');

-- --------------------------------------------------------

--
-- Table structure for table `student_records`
--

CREATE TABLE `student_records` (
  `id` int(10) UNSIGNED NOT NULL,
  `user_id` int(10) UNSIGNED NOT NULL,
  `my_class_id` int(10) UNSIGNED NOT NULL,
  `section_id` int(10) UNSIGNED NOT NULL,
  `adm_no` varchar(30) DEFAULT NULL,
  `my_parent_id` int(10) UNSIGNED DEFAULT NULL,
  `dorm_id` int(10) UNSIGNED DEFAULT NULL,
  `dorm_room_no` varchar(255) DEFAULT NULL,
  `session` varchar(255) NOT NULL,
  `house` varchar(255) DEFAULT NULL,
  `age` tinyint(4) DEFAULT NULL,
  `year_admitted` varchar(255) DEFAULT NULL,
  `grad` tinyint(4) NOT NULL DEFAULT 0,
  `grad_date` varchar(255) DEFAULT NULL,
  `created_at` timestamp NULL DEFAULT NULL,
  `updated_at` timestamp NULL DEFAULT NULL
) ENGINE=InnoDB DEFAULT CHARSET=utf8mb4 COLLATE=utf8mb4_unicode_ci;

--
-- Dumping data for table `student_records`
--

INSERT INTO `student_records` (`id`, `user_id`, `my_class_id`, `section_id`, `adm_no`, `my_parent_id`, `dorm_id`, `dorm_room_no`, `session`, `house`, `age`, `year_admitted`, `grad`, `grad_date`, `created_at`, `updated_at`) VALUES
(1, 18, 1, 1, NULL, NULL, NULL, NULL, '2018-2019', NULL, NULL, NULL, 0, NULL, '2023-12-28 22:09:51', '2023-12-28 22:09:51'),
(2, 19, 1, 1, NULL, NULL, NULL, NULL, '2018-2019', NULL, NULL, NULL, 0, NULL, '2023-12-28 22:09:51', '2023-12-28 22:09:51'),
(3, 20, 1, 1, NULL, NULL, NULL, NULL, '2018-2019', NULL, NULL, NULL, 0, NULL, '2023-12-28 22:09:51', '2023-12-28 22:09:51'),
(4, 21, 1, 1, NULL, NULL, NULL, NULL, '2018-2019', NULL, NULL, NULL, 0, NULL, '2023-12-28 22:09:51', '2023-12-28 22:09:51'),
(5, 22, 1, 2, NULL, NULL, NULL, NULL, '2018-2019', NULL, NULL, NULL, 0, NULL, '2023-12-28 22:09:51', '2023-12-28 22:09:51'),
(6, 23, 1, 2, NULL, NULL, NULL, NULL, '2018-2019', NULL, NULL, NULL, 0, NULL, '2023-12-28 22:09:51', '2023-12-28 22:09:51'),
(7, 24, 1, 2, NULL, NULL, NULL, NULL, '2018-2019', NULL, NULL, NULL, 0, NULL, '2023-12-28 22:09:51', '2023-12-28 22:09:51'),
(8, 25, 2, 3, NULL, NULL, NULL, NULL, '2018-2019', NULL, NULL, NULL, 0, NULL, '2023-12-28 22:09:52', '2023-12-28 22:09:52'),
(9, 26, 2, 3, NULL, NULL, NULL, NULL, '2018-2019', NULL, NULL, NULL, 0, NULL, '2023-12-28 22:09:52', '2023-12-28 22:09:52'),
(10, 27, 2, 3, NULL, NULL, NULL, NULL, '2018-2019', NULL, NULL, NULL, 0, NULL, '2023-12-28 22:09:52', '2023-12-28 22:09:52'),
(11, 28, 2, 4, NULL, NULL, NULL, NULL, '2018-2019', NULL, NULL, NULL, 0, NULL, '2023-12-28 22:09:52', '2023-12-28 22:09:52'),
(12, 29, 2, 4, NULL, NULL, NULL, NULL, '2018-2019', NULL, NULL, NULL, 0, NULL, '2023-12-28 22:09:52', '2023-12-28 22:09:52'),
(13, 30, 2, 4, NULL, NULL, NULL, NULL, '2018-2019', NULL, NULL, NULL, 0, NULL, '2023-12-28 22:09:52', '2023-12-28 22:09:52'),
(14, 31, 3, 5, NULL, NULL, NULL, NULL, '2018-2019', NULL, NULL, NULL, 0, NULL, '2023-12-28 22:09:52', '2023-12-28 22:09:52'),
(15, 32, 3, 5, NULL, NULL, NULL, NULL, '2018-2019', NULL, NULL, NULL, 0, NULL, '2023-12-28 22:09:52', '2023-12-28 22:09:52'),
(16, 33, 3, 5, NULL, NULL, NULL, NULL, '2018-2019', NULL, NULL, NULL, 0, NULL, '2023-12-28 22:09:52', '2023-12-28 22:09:52'),
(17, 34, 4, 6, NULL, NULL, NULL, NULL, '2018-2019', NULL, NULL, NULL, 0, NULL, '2023-12-28 22:09:52', '2023-12-28 22:09:52'),
(18, 35, 4, 6, NULL, NULL, NULL, NULL, '2018-2019', NULL, NULL, NULL, 0, NULL, '2023-12-28 22:09:52', '2023-12-28 22:09:52'),
(19, 36, 4, 6, NULL, NULL, NULL, NULL, '2018-2019', NULL, NULL, NULL, 0, NULL, '2023-12-28 22:09:52', '2023-12-28 22:09:52'),
(20, 37, 5, 7, NULL, NULL, NULL, NULL, '2018-2019', NULL, NULL, NULL, 0, NULL, '2023-12-28 22:09:53', '2023-12-28 22:09:53'),
(21, 38, 5, 7, NULL, NULL, NULL, NULL, '2018-2019', NULL, NULL, NULL, 0, NULL, '2023-12-28 22:09:53', '2023-12-28 22:09:53'),
(22, 39, 5, 7, NULL, NULL, NULL, NULL, '2018-2019', NULL, NULL, NULL, 0, NULL, '2023-12-28 22:09:53', '2023-12-28 22:09:53'),
(23, 40, 6, 8, NULL, NULL, NULL, NULL, '2018-2019', NULL, NULL, NULL, 0, NULL, '2023-12-28 22:09:53', '2023-12-28 22:09:53'),
(24, 41, 6, 8, NULL, NULL, NULL, NULL, '2018-2019', NULL, NULL, NULL, 0, NULL, '2023-12-28 22:09:53', '2023-12-28 22:09:53'),
(25, 42, 6, 8, NULL, NULL, NULL, NULL, '2018-2019', NULL, NULL, NULL, 0, NULL, '2023-12-28 22:09:53', '2023-12-28 22:09:53'),
(26, 43, 7, 9, NULL, NULL, NULL, NULL, '2018-2019', NULL, NULL, NULL, 0, NULL, '2023-12-28 22:09:53', '2023-12-28 22:09:53'),
(27, 44, 7, 9, NULL, NULL, NULL, NULL, '2018-2019', NULL, NULL, NULL, 0, NULL, '2023-12-28 22:09:53', '2023-12-28 22:09:53'),
(28, 45, 7, 9, NULL, NULL, NULL, NULL, '2018-2019', NULL, NULL, NULL, 0, NULL, '2023-12-28 22:09:53', '2023-12-28 22:09:53'),
(29, 46, 8, 10, NULL, NULL, NULL, NULL, '2018-2019', NULL, NULL, NULL, 0, NULL, '2023-12-28 22:09:54', '2023-12-28 22:09:54'),
(30, 47, 8, 10, NULL, NULL, NULL, NULL, '2018-2019', NULL, NULL, NULL, 0, NULL, '2023-12-28 22:09:54', '2023-12-28 22:09:54'),
(31, 48, 8, 10, NULL, NULL, NULL, NULL, '2018-2019', NULL, NULL, NULL, 0, NULL, '2023-12-28 22:09:54', '2023-12-28 22:09:54'),
(32, 49, 9, 11, NULL, NULL, NULL, NULL, '2018-2019', NULL, NULL, NULL, 0, NULL, '2023-12-28 22:09:54', '2023-12-28 22:09:54'),
(33, 50, 9, 11, NULL, NULL, NULL, NULL, '2018-2019', NULL, NULL, NULL, 0, NULL, '2023-12-28 22:09:54', '2023-12-28 22:09:54'),
(34, 51, 9, 11, NULL, NULL, NULL, NULL, '2018-2019', NULL, NULL, NULL, 0, NULL, '2023-12-28 22:09:54', '2023-12-28 22:09:54'),
(35, 52, 10, 12, NULL, NULL, NULL, NULL, '2018-2019', NULL, NULL, NULL, 0, NULL, '2023-12-28 22:09:54', '2023-12-28 22:09:54'),
(36, 53, 10, 12, NULL, NULL, NULL, NULL, '2018-2019', NULL, NULL, NULL, 0, NULL, '2023-12-28 22:09:54', '2023-12-28 22:09:54'),
(37, 54, 10, 12, NULL, NULL, NULL, NULL, '2018-2019', NULL, NULL, NULL, 0, NULL, '2023-12-28 22:09:54', '2023-12-28 22:09:54');

-- --------------------------------------------------------

--
-- Table structure for table `subjects`
--

CREATE TABLE `subjects` (
  `id` int(10) UNSIGNED NOT NULL,
  `name` varchar(100) NOT NULL,
  `slug` varchar(100) NOT NULL,
  `my_class_id` int(10) UNSIGNED NOT NULL,
  `teacher_id` int(10) UNSIGNED NOT NULL,
  `created_at` timestamp NULL DEFAULT NULL,
  `updated_at` timestamp NULL DEFAULT NULL
) ENGINE=InnoDB DEFAULT CHARSET=utf8mb4 COLLATE=utf8mb4_unicode_ci;

--
-- Dumping data for table `subjects`
--

INSERT INTO `subjects` (`id`, `name`, `slug`, `my_class_id`, `teacher_id`, `created_at`, `updated_at`) VALUES
(1, 'English Language', 'Eng', 1, 3, NULL, NULL),
(2, 'Mathematics', 'Math', 1, 3, NULL, NULL),
(3, 'English Language', 'Eng', 2, 3, NULL, NULL),
(4, 'Mathematics', 'Math', 2, 3, NULL, NULL),
(5, 'English Language', 'Eng', 3, 3, NULL, NULL),
(6, 'Mathematics', 'Math', 3, 3, NULL, NULL),
(7, 'English Language', 'Eng', 4, 3, NULL, NULL),
(8, 'Mathematics', 'Math', 4, 3, NULL, NULL),
(9, 'English Language', 'Eng', 5, 3, NULL, NULL),
(10, 'Mathematics', 'Math', 5, 3, NULL, NULL),
(11, 'English Language', 'Eng', 6, 3, NULL, NULL),
(12, 'Mathematics', 'Math', 6, 3, NULL, NULL),
(13, 'English Language', 'Eng', 7, 3, NULL, NULL),
(14, 'Mathematics', 'Math', 7, 3, NULL, NULL),
(15, 'English Language', 'Eng', 8, 3, NULL, NULL),
(16, 'Mathematics', 'Math', 8, 3, NULL, NULL),
(17, 'English Language', 'Eng', 9, 3, NULL, NULL),
(18, 'Mathematics', 'Math', 9, 3, NULL, NULL),
(19, 'English Language', 'Eng', 10, 3, NULL, NULL),
(20, 'Mathematics', 'Math', 10, 3, NULL, NULL);

-- --------------------------------------------------------

--
-- Table structure for table `time_slots`
--

CREATE TABLE `time_slots` (
  `id` int(10) UNSIGNED NOT NULL,
  `ttr_id` int(10) UNSIGNED NOT NULL,
  `hour_from` tinyint(4) NOT NULL,
  `min_from` varchar(2) NOT NULL,
  `meridian_from` varchar(2) NOT NULL,
  `hour_to` tinyint(4) NOT NULL,
  `min_to` varchar(2) NOT NULL,
  `meridian_to` varchar(2) NOT NULL,
  `time_from` varchar(100) NOT NULL,
  `time_to` varchar(100) NOT NULL,
  `timestamp_from` varchar(50) NOT NULL,
  `timestamp_to` varchar(50) NOT NULL,
  `full` varchar(100) NOT NULL,
  `created_at` timestamp NULL DEFAULT NULL,
  `updated_at` timestamp NULL DEFAULT NULL
) ENGINE=InnoDB DEFAULT CHARSET=utf8mb4 COLLATE=utf8mb4_unicode_ci;

-- --------------------------------------------------------

--
-- Table structure for table `time_tables`
--

CREATE TABLE `time_tables` (
  `id` int(10) UNSIGNED NOT NULL,
  `ttr_id` int(10) UNSIGNED NOT NULL,
  `ts_id` int(10) UNSIGNED NOT NULL,
  `subject_id` int(10) UNSIGNED DEFAULT NULL,
  `exam_date` varchar(50) DEFAULT NULL,
  `timestamp_from` varchar(100) NOT NULL,
  `timestamp_to` varchar(100) NOT NULL,
  `day` varchar(50) DEFAULT NULL,
  `day_num` tinyint(4) DEFAULT NULL,
  `created_at` timestamp NULL DEFAULT NULL,
  `updated_at` timestamp NULL DEFAULT NULL
) ENGINE=InnoDB DEFAULT CHARSET=utf8mb4 COLLATE=utf8mb4_unicode_ci;

-- --------------------------------------------------------

--
-- Table structure for table `time_table_records`
--

CREATE TABLE `time_table_records` (
  `id` int(10) UNSIGNED NOT NULL,
  `name` varchar(100) NOT NULL,
  `my_class_id` int(10) UNSIGNED NOT NULL,
  `exam_id` int(10) UNSIGNED DEFAULT NULL,
  `year` varchar(100) NOT NULL,
  `created_at` timestamp NULL DEFAULT NULL,
  `updated_at` timestamp NULL DEFAULT NULL
) ENGINE=InnoDB DEFAULT CHARSET=utf8mb4 COLLATE=utf8mb4_unicode_ci;

-- --------------------------------------------------------

--
-- Table structure for table `users`
--

CREATE TABLE `users` (
  `id` int(10) UNSIGNED NOT NULL,
  `name` varchar(255) NOT NULL,
  `email` varchar(100) DEFAULT NULL,
  `code` varchar(100) NOT NULL,
  `username` varchar(100) DEFAULT NULL,
  `user_type` varchar(255) NOT NULL,
  `dob` varchar(255) DEFAULT NULL,
  `gender` varchar(255) DEFAULT NULL,
  `photo` varchar(255) NOT NULL DEFAULT 'http://localhost/lav_sms/global_assets/images/user.png',
  `phone` varchar(255) DEFAULT NULL,
  `phone2` varchar(255) DEFAULT NULL,
  `bg_id` int(10) UNSIGNED DEFAULT NULL,
  `state_id` int(10) UNSIGNED DEFAULT NULL,
  `lga_id` int(10) UNSIGNED DEFAULT NULL,
  `nal_id` int(10) UNSIGNED DEFAULT NULL,
  `address` varchar(255) DEFAULT NULL,
  `email_verified_at` timestamp NULL DEFAULT NULL,
  `password` varchar(255) NOT NULL,
  `remember_token` varchar(100) DEFAULT NULL,
  `created_at` timestamp NULL DEFAULT NULL,
  `updated_at` timestamp NULL DEFAULT NULL
) ENGINE=InnoDB DEFAULT CHARSET=utf8mb4 COLLATE=utf8mb4_unicode_ci;

--
-- Dumping data for table `users`
--

INSERT INTO `users` (`id`, `name`, `email`, `code`, `username`, `user_type`, `dob`, `gender`, `photo`, `phone`, `phone2`, `bg_id`, `state_id`, `lga_id`, `nal_id`, `address`, `email_verified_at`, `password`, `remember_token`, `created_at`, `updated_at`) VALUES
(1, 'Noman Maken', 'cj@cj.com', '8XG1CP5LQV', 'cj', 'super_admin', NULL, NULL, 'http://127.0.0.1:8000/storage/uploads/super_admin/8XG1CP5LQV/photo.jpg', '03207584939', NULL, NULL, NULL, NULL, NULL, 'Mollit quam maxime p', NULL, '$2y$10$.tlr/sOSthEHU7xgs5PmaO1PxsfgwTGkPHHltq7Z2Vhu17aKq6SMm', 'V2knp5WJUB', NULL, '2023-12-28 22:17:30'),
(2, 'Admin KORA', 'admin@admin.com', 'CLTJMGDLOJ', 'admin', 'admin', NULL, NULL, 'http://localhost/lav_sms/global_assets/images/user.png', NULL, NULL, NULL, NULL, NULL, NULL, NULL, NULL, '$2y$10$.tlr/sOSthEHU7xgs5PmaO1PxsfgwTGkPHHltq7Z2Vhu17aKq6SMm', 'B4BGcql6Xo', NULL, NULL),
(3, 'Teacher Chike', 'teacher@teacher.com', 'KOZQZJTOZP', 'teacher', 'teacher', NULL, NULL, 'http://localhost/lav_sms/global_assets/images/user.png', NULL, NULL, NULL, NULL, NULL, NULL, NULL, NULL, '$2y$10$.tlr/sOSthEHU7xgs5PmaO1PxsfgwTGkPHHltq7Z2Vhu17aKq6SMm', 'nSUuapo72I', NULL, NULL),
(4, 'Parent Kaba', 'parent@parent.com', 'RYJJSFALTR', 'parent', 'parent', NULL, NULL, 'http://localhost/lav_sms/global_assets/images/user.png', NULL, NULL, NULL, NULL, NULL, NULL, NULL, NULL, '$2y$10$.tlr/sOSthEHU7xgs5PmaO1PxsfgwTGkPHHltq7Z2Vhu17aKq6SMm', 'QWPbWPhm5Z', NULL, NULL),
(5, 'Accountant Jeff', 'accountant@accountant.com', 'XT3J0JXB9D', 'accountant', 'accountant', NULL, NULL, 'http://localhost/lav_sms/global_assets/images/user.png', NULL, NULL, NULL, NULL, NULL, NULL, NULL, NULL, '$2y$10$.tlr/sOSthEHU7xgs5PmaO1PxsfgwTGkPHHltq7Z2Vhu17aKq6SMm', 'QAex4MscgA', NULL, NULL),
(6, 'Admin 1', 'admin1@admin.com', 'AZN0KTIECK', 'admin1', 'admin', NULL, NULL, 'http://localhost/lav_sms/global_assets/images/user.png', NULL, NULL, NULL, NULL, NULL, NULL, NULL, NULL, '$2y$10$Uj.VCE2HgoLziVTveXHMe.EhQTQgCUX57KF/66NIpbXBDPuxCJcoy', 'Cg1ZPAaj3m', NULL, NULL),
(7, 'Teacher 1', 'teacher1@teacher.com', 'MV32CFOFG9', 'teacher1', 'teacher', NULL, NULL, 'http://localhost/lav_sms/global_assets/images/user.png', NULL, NULL, NULL, NULL, NULL, NULL, NULL, NULL, '$2y$10$C7t4de2b9kR9sfCzX9jc/eHAt2eDaqlnpzOz3/YlcNZUNibh9ylMu', 'WieKltfy7V', NULL, NULL),
(8, 'Accountant 1', 'accountant1@accountant.com', 'MFQR99MY0W', 'accountant1', 'accountant', NULL, NULL, 'http://localhost/lav_sms/global_assets/images/user.png', NULL, NULL, NULL, NULL, NULL, NULL, NULL, NULL, '$2y$10$KvcCFtJD6oMZKmJaqKofzOTZdzT21/mJG4YVXBveUXqX0DVRYQMKe', 'eXoDLxwqRU', NULL, NULL),
(9, 'Parent 1', 'parent1@parent.com', 'Z432RKBPGX', 'parent1', 'parent', NULL, NULL, 'http://localhost/lav_sms/global_assets/images/user.png', NULL, NULL, NULL, NULL, NULL, NULL, NULL, NULL, '$2y$10$VQLCNpQGHSUotlhQHauQTeCyl7hkVzdnz6UZHdq4aHT7Vk3TWEziO', 'YILCt7DpAm', NULL, NULL),
(10, 'Admin 2', 'admin2@admin.com', '9TQTBYLOYW', 'admin2', 'admin', NULL, NULL, 'http://localhost/lav_sms/global_assets/images/user.png', NULL, NULL, NULL, NULL, NULL, NULL, NULL, NULL, '$2y$10$gzaTOT6tA0T6rZ/W8SL.u.jM4D7jkzSIh2yRW1n689yBigRB3JhW2', 'CrOZeJWcj0', NULL, NULL),
(11, 'Teacher 2', 'teacher2@teacher.com', '0MSGNNB3XE', 'teacher2', 'teacher', NULL, NULL, 'http://localhost/lav_sms/global_assets/images/user.png', NULL, NULL, NULL, NULL, NULL, NULL, NULL, NULL, '$2y$10$YkJCMd8JH0uaNKVMrCr/BenqpD6sr.X7yzXaD5zPGJnYtzbQYqDnK', 'AnvXiwYJc0', NULL, NULL),
(12, 'Accountant 2', 'accountant2@accountant.com', 'CESBTRYHLJ', 'accountant2', 'accountant', NULL, NULL, 'http://localhost/lav_sms/global_assets/images/user.png', NULL, NULL, NULL, NULL, NULL, NULL, NULL, NULL, '$2y$10$M2AtogJ9wr1yrFp5ei8IMusX/H/QIDY/O02TutYwArSPLOnitQMYm', 'INXcPcS7Qt', NULL, NULL),
(13, 'Parent 2', 'parent2@parent.com', 'OUCNWP2BEF', 'parent2', 'parent', NULL, NULL, 'http://localhost/lav_sms/global_assets/images/user.png', NULL, NULL, NULL, NULL, NULL, NULL, NULL, NULL, '$2y$10$5vdSzbIIBx8ifh5yqSKG1OdCao44oxUr0FE/UwoMuJz71tKoqT4GW', 'GlHgVS4dCG', NULL, NULL),
(14, 'Admin 3', 'admin3@admin.com', 'AAVR8H4CES', 'admin3', 'admin', NULL, NULL, 'http://localhost/lav_sms/global_assets/images/user.png', NULL, NULL, NULL, NULL, NULL, NULL, NULL, NULL, '$2y$10$cfiaqyXdGmJUb.iqmTSANeCFJx7T3HLWgmo6bxvQ5UKqfDWR06N12', 'K7aM9R5Z05', NULL, NULL),
(15, 'Teacher 3', 'teacher3@teacher.com', 'ONPABOFYIU', 'teacher3', 'teacher', NULL, NULL, 'http://localhost/lav_sms/global_assets/images/user.png', NULL, NULL, NULL, NULL, NULL, NULL, NULL, NULL, '$2y$10$I2dBqRe92lRc8udLf7/qXOSjz4zpQKNm4V/.AppMSvCJBVaLXJZQ2', 'iRBBAPzurj', NULL, NULL),
(16, 'Accountant 3', 'accountant3@accountant.com', 'O6U6HRIO8Q', 'accountant3', 'accountant', NULL, NULL, 'http://localhost/lav_sms/global_assets/images/user.png', NULL, NULL, NULL, NULL, NULL, NULL, NULL, NULL, '$2y$10$M9FQYf2cgzYfI8w/.1gkgeu1bfEUvH0SeTyua0BUOo6l.pgm5aiMa', 'QABhlMBl5X', NULL, NULL),
(17, 'Parent 3', 'parent3@parent.com', 'ETQLUYW14Y', 'parent3', 'parent', NULL, NULL, 'http://localhost/lav_sms/global_assets/images/user.png', NULL, NULL, NULL, NULL, NULL, NULL, NULL, NULL, '$2y$10$vAxQ1FGF4Uh04VuvFVy8/up2NSI.6ejqOMwLRwJV.XBOJL.yQRDB.', 'gXOQE4AlWr', NULL, NULL),
(18, 'Student CJ', 'student@student.com', '1YFHUWBLRV', 'student', 'student', NULL, NULL, 'http://localhost/lav_sms/global_assets/images/user.png', NULL, NULL, NULL, NULL, NULL, NULL, NULL, NULL, '$2y$10$1UTA/NxgoZaOh3V7ZrHpLeTFIsYVpG33bYujQRmQDauZv3YIfEiTS', 'AKfFgfzB1v', '2023-12-28 22:09:51', '2023-12-28 22:09:51'),
(19, 'Clyde Schmeler', 'josiah91@example.net', 'UJ4PGLNWFH', 'pansy.bechtelar', 'student', NULL, NULL, 'http://localhost/lav_sms/global_assets/images/user.png', NULL, NULL, NULL, NULL, NULL, NULL, NULL, NULL, '$2y$10$/Z7T9FxLJPBxogAdoFD77.gmpmN14zRGRP2lR6s3sYsSb9mEeBh3i', 'e3Dteqrxfe', '2023-12-28 22:09:51', '2023-12-28 22:09:51'),
(20, 'Prince Zulauf PhD', 'makenzie30@example.net', 'TW0ZEFKLP8', 'isai22', 'student', NULL, NULL, 'http://localhost/lav_sms/global_assets/images/user.png', NULL, NULL, NULL, NULL, NULL, NULL, NULL, NULL, '$2y$10$/Z7T9FxLJPBxogAdoFD77.gmpmN14zRGRP2lR6s3sYsSb9mEeBh3i', '37A3LaIeZI', '2023-12-28 22:09:51', '2023-12-28 22:09:51'),
(21, 'Dr. Watson VonRueden', 'metz.paxton@example.org', 'OP0JEBL3FG', 'gina61', 'student', NULL, NULL, 'http://localhost/lav_sms/global_assets/images/user.png', NULL, NULL, NULL, NULL, NULL, NULL, NULL, NULL, '$2y$10$/Z7T9FxLJPBxogAdoFD77.gmpmN14zRGRP2lR6s3sYsSb9mEeBh3i', 'odqt073DNq', '2023-12-28 22:09:51', '2023-12-28 22:09:51'),
(22, 'Jesse Simonis', 'chet.rosenbaum@example.com', 'BTQYRJHCTB', 'jovani.cummings', 'student', NULL, NULL, 'http://localhost/lav_sms/global_assets/images/user.png', NULL, NULL, NULL, NULL, NULL, NULL, NULL, NULL, '$2y$10$bF5KRO8YS2Dm/JniMUddKeaKsevnbIhAz6qwrz8ml0jwMf/HXaVFy', 'XsmZ9YPum1', '2023-12-28 22:09:51', '2023-12-28 22:09:51'),
(23, 'Flossie Wilkinson', 'bonita.stark@example.net', 'ZANHG1DMSH', 'ibechtelar', 'student', NULL, NULL, 'http://localhost/lav_sms/global_assets/images/user.png', NULL, NULL, NULL, NULL, NULL, NULL, NULL, NULL, '$2y$10$bF5KRO8YS2Dm/JniMUddKeaKsevnbIhAz6qwrz8ml0jwMf/HXaVFy', 'HLzUlxNzT1', '2023-12-28 22:09:51', '2023-12-28 22:09:51'),
(24, 'Prof. Beryl Champlin III', 'jonathon.wilkinson@example.org', 'LOWMS8KTW2', 'ymarquardt', 'student', NULL, NULL, 'http://localhost/lav_sms/global_assets/images/user.png', NULL, NULL, NULL, NULL, NULL, NULL, NULL, NULL, '$2y$10$bF5KRO8YS2Dm/JniMUddKeaKsevnbIhAz6qwrz8ml0jwMf/HXaVFy', 'bvpVBipqzp', '2023-12-28 22:09:51', '2023-12-28 22:09:51'),
(25, 'Delaney Smith', 'olga59@example.net', 'KEJ8RSAKQN', 'jmertz', 'student', NULL, NULL, 'http://localhost/lav_sms/global_assets/images/user.png', NULL, NULL, NULL, NULL, NULL, NULL, NULL, NULL, '$2y$10$NQtqFUx203Ro7cGUJ1QOX.eA6wb40gSxGfGhRMJRMzXDxsV49kgOK', 'bOFeXWXCMp', '2023-12-28 22:09:52', '2023-12-28 22:09:52'),
(26, 'Florida Wilkinson', 'alicia.rogahn@example.com', 'CX5ZTEXWU8', 'jmayer', 'student', NULL, NULL, 'http://localhost/lav_sms/global_assets/images/user.png', NULL, NULL, NULL, NULL, NULL, NULL, NULL, NULL, '$2y$10$NQtqFUx203Ro7cGUJ1QOX.eA6wb40gSxGfGhRMJRMzXDxsV49kgOK', 'RVtgR2t4gT', '2023-12-28 22:09:52', '2023-12-28 22:09:52'),
(27, 'Keeley Pfannerstill', 'iabernathy@example.net', 'HL4S375WRF', 'reilly.jacquelyn', 'student', NULL, NULL, 'http://localhost/lav_sms/global_assets/images/user.png', NULL, NULL, NULL, NULL, NULL, NULL, NULL, NULL, '$2y$10$NQtqFUx203Ro7cGUJ1QOX.eA6wb40gSxGfGhRMJRMzXDxsV49kgOK', 'FXZRFlcBhL', '2023-12-28 22:09:52', '2023-12-28 22:09:52'),
(28, 'Miss Kyra Pouros', 'wyman.paucek@example.net', 'CJVZ2Y9J88', 'mlowe', 'student', NULL, NULL, 'http://localhost/lav_sms/global_assets/images/user.png', NULL, NULL, NULL, NULL, NULL, NULL, NULL, NULL, '$2y$10$6eAYn7cZ7MS358w8.Ygn7O9aoRKZ/FW52oSH1QXbwMnSeqv19zVL6', 'Gyw1AztAbW', '2023-12-28 22:09:52', '2023-12-28 22:09:52'),
(29, 'Mike Reichel DVM', 'yschroeder@example.org', 'IPUKTFRQSF', 'dsporer', 'student', NULL, NULL, 'http://localhost/lav_sms/global_assets/images/user.png', NULL, NULL, NULL, NULL, NULL, NULL, NULL, NULL, '$2y$10$6eAYn7cZ7MS358w8.Ygn7O9aoRKZ/FW52oSH1QXbwMnSeqv19zVL6', 'AfMSGzlOZy', '2023-12-28 22:09:52', '2023-12-28 22:09:52'),
(30, 'Dr. Janiya Aufderhar II', 'ydonnelly@example.org', 'BIHDIMIDSJ', 'araceli.schneider', 'student', NULL, NULL, 'http://localhost/lav_sms/global_assets/images/user.png', NULL, NULL, NULL, NULL, NULL, NULL, NULL, NULL, '$2y$10$6eAYn7cZ7MS358w8.Ygn7O9aoRKZ/FW52oSH1QXbwMnSeqv19zVL6', 'jn517TIudD', '2023-12-28 22:09:52', '2023-12-28 22:09:52'),
(31, 'Isabelle Rippin', 'ufunk@example.net', 'QRB05PFZ31', 'tgaylord', 'student', NULL, NULL, 'http://localhost/lav_sms/global_assets/images/user.png', NULL, NULL, NULL, NULL, NULL, NULL, NULL, NULL, '$2y$10$YBtY4RNR6NLxv635ogsQC.EWTs7me8BAqSl9Hx6qYt8HmPfyIt3FO', 'DoqZLapTpa', '2023-12-28 22:09:52', '2023-12-28 22:09:52'),
(32, 'Catharine Keeling', 'johns.richmond@example.org', '7NNM1XSTSB', 'maggio.yvonne', 'student', NULL, NULL, 'http://localhost/lav_sms/global_assets/images/user.png', NULL, NULL, NULL, NULL, NULL, NULL, NULL, NULL, '$2y$10$YBtY4RNR6NLxv635ogsQC.EWTs7me8BAqSl9Hx6qYt8HmPfyIt3FO', 'CrEuVXkLUk', '2023-12-28 22:09:52', '2023-12-28 22:09:52'),
(33, 'Dr. Sally Swaniawski', 'hane.marion@example.net', 'Z5D0I3RDHK', 'johnston.anthony', 'student', NULL, NULL, 'http://localhost/lav_sms/global_assets/images/user.png', NULL, NULL, NULL, NULL, NULL, NULL, NULL, NULL, '$2y$10$YBtY4RNR6NLxv635ogsQC.EWTs7me8BAqSl9Hx6qYt8HmPfyIt3FO', 'RA4nUUICji', '2023-12-28 22:09:52', '2023-12-28 22:09:52'),
(34, 'Kendra Kreiger', 'aschuster@example.com', 'M5YDA9SG8J', 'dickinson.darius', 'student', NULL, NULL, 'http://localhost/lav_sms/global_assets/images/user.png', NULL, NULL, NULL, NULL, NULL, NULL, NULL, NULL, '$2y$10$qrHw5SjAHtlxThsF93LvY.KE.anfsNiTD6GFvM7HvBqGK6NG6F5vu', 'CMUavi3JWu', '2023-12-28 22:09:52', '2023-12-28 22:09:52'),
(35, 'Maeve Block', 'tjacobson@example.com', 'LA2KM6M8EF', 'vivian23', 'student', NULL, NULL, 'http://localhost/lav_sms/global_assets/images/user.png', NULL, NULL, NULL, NULL, NULL, NULL, NULL, NULL, '$2y$10$qrHw5SjAHtlxThsF93LvY.KE.anfsNiTD6GFvM7HvBqGK6NG6F5vu', 'IyvagPoeMC', '2023-12-28 22:09:52', '2023-12-28 22:09:52'),
(36, 'Jayden Hauck', 'carmela.will@example.org', 'LYHYEW41RA', 'ledner.della', 'student', NULL, NULL, 'http://localhost/lav_sms/global_assets/images/user.png', NULL, NULL, NULL, NULL, NULL, NULL, NULL, NULL, '$2y$10$qrHw5SjAHtlxThsF93LvY.KE.anfsNiTD6GFvM7HvBqGK6NG6F5vu', 'uYgiM6KYBH', '2023-12-28 22:09:52', '2023-12-28 22:09:52'),
(37, 'Destinee Dare DDS', 'hettinger.natalie@example.org', 'TNAKT5QBRO', 'ressie.stiedemann', 'student', NULL, NULL, 'http://localhost/lav_sms/global_assets/images/user.png', NULL, NULL, NULL, NULL, NULL, NULL, NULL, NULL, '$2y$10$rAwPq8RAIg9aTxEP79b57eFb9IncoUUrpyqUBu3wyHocVn7h/smQS', 'Z01dfiNFCy', '2023-12-28 22:09:53', '2023-12-28 22:09:53'),
(38, 'Victor Bechtelar', 'xreichel@example.net', 'LGRBZ6KPZA', 'kamron.labadie', 'student', NULL, NULL, 'http://localhost/lav_sms/global_assets/images/user.png', NULL, NULL, NULL, NULL, NULL, NULL, NULL, NULL, '$2y$10$rAwPq8RAIg9aTxEP79b57eFb9IncoUUrpyqUBu3wyHocVn7h/smQS', 'hxDyDWJ9UM', '2023-12-28 22:09:53', '2023-12-28 22:09:53'),
(39, 'Cyrus Cartwright', 'nienow.kaylah@example.org', 'PW2FH6WWSA', 'kshlerin.pearline', 'student', NULL, NULL, 'http://localhost/lav_sms/global_assets/images/user.png', NULL, NULL, NULL, NULL, NULL, NULL, NULL, NULL, '$2y$10$rAwPq8RAIg9aTxEP79b57eFb9IncoUUrpyqUBu3wyHocVn7h/smQS', '8DgsFUZBXA', '2023-12-28 22:09:53', '2023-12-28 22:09:53'),
(40, 'Kristian Braun', 'donato.kassulke@example.com', 'SL3PTHLLRJ', 'flatley.jacques', 'student', NULL, NULL, 'http://localhost/lav_sms/global_assets/images/user.png', NULL, NULL, NULL, NULL, NULL, NULL, NULL, NULL, '$2y$10$r5f4fPvj2Ylh7L5SoIKJpePIY1wJMbuy.0OSTiQ33nXn/GvX.9Mnm', 'yzdQ1pk64H', '2023-12-28 22:09:53', '2023-12-28 22:09:53'),
(41, 'Demond Rohan', 'whills@example.org', 'P6UH9GOMWU', 'alysha13', 'student', NULL, NULL, 'http://localhost/lav_sms/global_assets/images/user.png', NULL, NULL, NULL, NULL, NULL, NULL, NULL, NULL, '$2y$10$r5f4fPvj2Ylh7L5SoIKJpePIY1wJMbuy.0OSTiQ33nXn/GvX.9Mnm', 'mA1lbOOlbI', '2023-12-28 22:09:53', '2023-12-28 22:09:53'),
(42, 'Prof. Kristin Fahey', 'khermann@example.org', 'OJ8W0Y0SDD', 'heaven.simonis', 'student', NULL, NULL, 'http://localhost/lav_sms/global_assets/images/user.png', NULL, NULL, NULL, NULL, NULL, NULL, NULL, NULL, '$2y$10$r5f4fPvj2Ylh7L5SoIKJpePIY1wJMbuy.0OSTiQ33nXn/GvX.9Mnm', 'LSyYGXhQ7p', '2023-12-28 22:09:53', '2023-12-28 22:09:53'),
(43, 'Leann Leffler', 'darrick01@example.org', 'ENTVBPCRPQ', 'pblanda', 'student', NULL, NULL, 'http://localhost/lav_sms/global_assets/images/user.png', NULL, NULL, NULL, NULL, NULL, NULL, NULL, NULL, '$2y$10$PVF29CzWDKNUEtdVoczdUuSLHttx47Ao7iD8MSz7zIGT1zz474zPG', 'xAUNG0pODU', '2023-12-28 22:09:53', '2023-12-28 22:09:53'),
(44, 'Prof. Alexandre Spinka', 'hamill.paolo@example.net', '2TE8QAIGDR', 'kuhn.brendan', 'student', NULL, NULL, 'http://localhost/lav_sms/global_assets/images/user.png', NULL, NULL, NULL, NULL, NULL, NULL, NULL, NULL, '$2y$10$PVF29CzWDKNUEtdVoczdUuSLHttx47Ao7iD8MSz7zIGT1zz474zPG', '0i5NjEnSDr', '2023-12-28 22:09:53', '2023-12-28 22:09:53'),
(45, 'Ms. Summer Brekke IV', 'annamarie.hegmann@example.org', 'U5PIKFGXYN', 'freda28', 'student', NULL, NULL, 'http://localhost/lav_sms/global_assets/images/user.png', NULL, NULL, NULL, NULL, NULL, NULL, NULL, NULL, '$2y$10$PVF29CzWDKNUEtdVoczdUuSLHttx47Ao7iD8MSz7zIGT1zz474zPG', 'TRayDDQ3hl', '2023-12-28 22:09:53', '2023-12-28 22:09:53'),
(46, 'Nelda Nitzsche Jr.', 'cblock@example.com', 'EQZLJSPGCY', 'arden.lehner', 'student', NULL, NULL, 'http://localhost/lav_sms/global_assets/images/user.png', NULL, NULL, NULL, NULL, NULL, NULL, NULL, NULL, '$2y$10$FOVIPQquSZHsRW/WKMG8Fe/Hk5ZA9xi9uWgL5xXaBoW2e4RbHS.WO', 'wU8fWJXNBF', '2023-12-28 22:09:54', '2023-12-28 22:09:54'),
(47, 'Ayla Lindgren', 'jammie98@example.com', 'COUIR2WINU', 'rosendo.bosco', 'student', NULL, NULL, 'http://localhost/lav_sms/global_assets/images/user.png', NULL, NULL, NULL, NULL, NULL, NULL, NULL, NULL, '$2y$10$FOVIPQquSZHsRW/WKMG8Fe/Hk5ZA9xi9uWgL5xXaBoW2e4RbHS.WO', '3C98PPSG6a', '2023-12-28 22:09:54', '2023-12-28 22:09:54'),
(48, 'Dr. Graham Ryan IV', 'axel07@example.net', 'JJ91YYDA6S', 'nelson58', 'student', NULL, NULL, 'http://localhost/lav_sms/global_assets/images/user.png', NULL, NULL, NULL, NULL, NULL, NULL, NULL, NULL, '$2y$10$FOVIPQquSZHsRW/WKMG8Fe/Hk5ZA9xi9uWgL5xXaBoW2e4RbHS.WO', 'wYAoi5aItk', '2023-12-28 22:09:54', '2023-12-28 22:09:54'),
(49, 'Daniela Reichert', 'esmeralda63@example.net', 'Y6YMZRUMHE', 'savanah78', 'student', NULL, NULL, 'http://localhost/lav_sms/global_assets/images/user.png', NULL, NULL, NULL, NULL, NULL, NULL, NULL, NULL, '$2y$10$bmwPfH20QthyQROJD5EsWuAcNy.oWB27RzKh5WHLuU7.eJ9dMIG8u', 'aqFTQPH2sN', '2023-12-28 22:09:54', '2023-12-28 22:09:54'),
(50, 'Dr. Colt Ernser V', 'creola.stokes@example.org', 'JB7A5V2NSQ', 'jvonrueden', 'student', NULL, NULL, 'http://localhost/lav_sms/global_assets/images/user.png', NULL, NULL, NULL, NULL, NULL, NULL, NULL, NULL, '$2y$10$bmwPfH20QthyQROJD5EsWuAcNy.oWB27RzKh5WHLuU7.eJ9dMIG8u', 'kaDEsEdDUm', '2023-12-28 22:09:54', '2023-12-28 22:09:54'),
(51, 'Margot Satterfield I', 'xcarter@example.net', 'WSUWKYSG9B', 'myriam.brown', 'student', NULL, NULL, 'http://localhost/lav_sms/global_assets/images/user.png', NULL, NULL, NULL, NULL, NULL, NULL, NULL, NULL, '$2y$10$bmwPfH20QthyQROJD5EsWuAcNy.oWB27RzKh5WHLuU7.eJ9dMIG8u', 'ko6Oqbp57m', '2023-12-28 22:09:54', '2023-12-28 22:09:54'),
(52, 'Ms. Sadye Hartmann', 'jerel.vandervort@example.net', 'ZKRPCJBGIB', 'rosalinda.kovacek', 'student', NULL, NULL, 'http://localhost/lav_sms/global_assets/images/user.png', NULL, NULL, NULL, NULL, NULL, NULL, NULL, NULL, '$2y$10$2woVFU6n/29OTphbNcwK1utx.TEXeGbHsiGs6JL3TZQAc1c4nqBwG', 'ZTlEyN4wGA', '2023-12-28 22:09:54', '2023-12-28 22:09:54'),
(53, 'Demetris Klein', 'clemens00@example.net', '5NG4BPR4ZG', 'jorge.braun', 'student', NULL, NULL, 'http://localhost/lav_sms/global_assets/images/user.png', NULL, NULL, NULL, NULL, NULL, NULL, NULL, NULL, '$2y$10$2woVFU6n/29OTphbNcwK1utx.TEXeGbHsiGs6JL3TZQAc1c4nqBwG', 'AkdhGRQwoQ', '2023-12-28 22:09:54', '2023-12-28 22:09:54'),
(54, 'Prof. Caleb Schuppe', 'quitzon.jack@example.net', 'WSGNTCFF1C', 'hermina60', 'student', NULL, NULL, 'http://localhost/lav_sms/global_assets/images/user.png', NULL, NULL, NULL, NULL, NULL, NULL, NULL, NULL, '$2y$10$2woVFU6n/29OTphbNcwK1utx.TEXeGbHsiGs6JL3TZQAc1c4nqBwG', 'UGx16NipC3', '2023-12-28 22:09:54', '2023-12-28 22:09:54');

-- --------------------------------------------------------

--
-- Table structure for table `user_types`
--

CREATE TABLE `user_types` (
  `id` int(10) UNSIGNED NOT NULL,
  `title` varchar(255) NOT NULL,
  `name` varchar(255) NOT NULL,
  `level` varchar(255) NOT NULL,
  `created_at` timestamp NULL DEFAULT NULL,
  `updated_at` timestamp NULL DEFAULT NULL
) ENGINE=InnoDB DEFAULT CHARSET=utf8mb4 COLLATE=utf8mb4_unicode_ci;

--
-- Dumping data for table `user_types`
--

INSERT INTO `user_types` (`id`, `title`, `name`, `level`, `created_at`, `updated_at`) VALUES
(1, 'accountant', 'Accountant', '5', NULL, NULL),
(2, 'parent', 'Parent', '4', NULL, NULL),
(3, 'teacher', 'Teacher', '3', NULL, NULL),
(4, 'admin', 'Admin', '2', NULL, NULL),
(5, 'super_admin', 'Super Admin', '1', NULL, NULL);

--
-- Indexes for dumped tables
--

--
-- Indexes for table `blood_groups`
--
ALTER TABLE `blood_groups`
  ADD PRIMARY KEY (`id`);

--
-- Indexes for table `books`
--
ALTER TABLE `books`
  ADD PRIMARY KEY (`id`),
  ADD KEY `books_my_class_id_foreign` (`my_class_id`);

--
-- Indexes for table `book_requests`
--
ALTER TABLE `book_requests`
  ADD PRIMARY KEY (`id`),
  ADD KEY `book_requests_book_id_foreign` (`book_id`),
  ADD KEY `book_requests_user_id_foreign` (`user_id`);

--
-- Indexes for table `class_types`
--
ALTER TABLE `class_types`
  ADD PRIMARY KEY (`id`);

--
-- Indexes for table `dorms`
--
ALTER TABLE `dorms`
  ADD PRIMARY KEY (`id`),
  ADD UNIQUE KEY `dorms_name_unique` (`name`);

--
-- Indexes for table `exams`
--
ALTER TABLE `exams`
  ADD PRIMARY KEY (`id`),
  ADD UNIQUE KEY `exams_term_year_unique` (`term`,`year`);

--
-- Indexes for table `exam_records`
--
ALTER TABLE `exam_records`
  ADD PRIMARY KEY (`id`),
  ADD KEY `exam_records_exam_id_foreign` (`exam_id`),
  ADD KEY `exam_records_my_class_id_foreign` (`my_class_id`),
  ADD KEY `exam_records_student_id_foreign` (`student_id`),
  ADD KEY `exam_records_section_id_foreign` (`section_id`);

--
-- Indexes for table `grades`
--
ALTER TABLE `grades`
  ADD PRIMARY KEY (`id`),
  ADD UNIQUE KEY `grades_name_class_type_id_remark_unique` (`name`,`class_type_id`,`remark`),
  ADD KEY `grades_class_type_id_foreign` (`class_type_id`);

--
-- Indexes for table `lgas`
--
ALTER TABLE `lgas`
  ADD PRIMARY KEY (`id`),
  ADD KEY `lgas_state_id_foreign` (`state_id`);

--
-- Indexes for table `marks`
--
ALTER TABLE `marks`
  ADD PRIMARY KEY (`id`),
  ADD KEY `marks_student_id_foreign` (`student_id`),
  ADD KEY `marks_my_class_id_foreign` (`my_class_id`),
  ADD KEY `marks_section_id_foreign` (`section_id`),
  ADD KEY `marks_subject_id_foreign` (`subject_id`),
  ADD KEY `marks_exam_id_foreign` (`exam_id`),
  ADD KEY `marks_grade_id_foreign` (`grade_id`);

--
-- Indexes for table `migrations`
--
ALTER TABLE `migrations`
  ADD PRIMARY KEY (`id`);

--
-- Indexes for table `my_classes`
--
ALTER TABLE `my_classes`
  ADD PRIMARY KEY (`id`),
  ADD UNIQUE KEY `my_classes_class_type_id_name_unique` (`class_type_id`,`name`);

--
-- Indexes for table `nationalities`
--
ALTER TABLE `nationalities`
  ADD PRIMARY KEY (`id`);

--
-- Indexes for table `password_resets`
--
ALTER TABLE `password_resets`
  ADD KEY `password_resets_email_index` (`email`);

--
-- Indexes for table `payments`
--
ALTER TABLE `payments`
  ADD PRIMARY KEY (`id`),
  ADD UNIQUE KEY `payments_ref_no_unique` (`ref_no`),
  ADD KEY `payments_my_class_id_foreign` (`my_class_id`);

--
-- Indexes for table `payment_records`
--
ALTER TABLE `payment_records`
  ADD PRIMARY KEY (`id`),
  ADD UNIQUE KEY `payment_records_ref_no_unique` (`ref_no`),
  ADD KEY `payment_records_payment_id_foreign` (`payment_id`),
  ADD KEY `payment_records_student_id_foreign` (`student_id`);

--
-- Indexes for table `pins`
--
ALTER TABLE `pins`
  ADD PRIMARY KEY (`id`),
  ADD UNIQUE KEY `pins_code_unique` (`code`),
  ADD KEY `pins_user_id_foreign` (`user_id`),
  ADD KEY `pins_student_id_foreign` (`student_id`);

--
-- Indexes for table `promotions`
--
ALTER TABLE `promotions`
  ADD PRIMARY KEY (`id`),
  ADD KEY `promotions_student_id_foreign` (`student_id`),
  ADD KEY `promotions_from_class_foreign` (`from_class`),
  ADD KEY `promotions_from_section_foreign` (`from_section`),
  ADD KEY `promotions_to_section_foreign` (`to_section`),
  ADD KEY `promotions_to_class_foreign` (`to_class`);

--
-- Indexes for table `receipts`
--
ALTER TABLE `receipts`
  ADD PRIMARY KEY (`id`),
  ADD KEY `receipts_pr_id_foreign` (`pr_id`);

--
-- Indexes for table `sections`
--
ALTER TABLE `sections`
  ADD PRIMARY KEY (`id`),
  ADD UNIQUE KEY `sections_name_my_class_id_unique` (`name`,`my_class_id`),
  ADD KEY `sections_my_class_id_foreign` (`my_class_id`),
  ADD KEY `sections_teacher_id_foreign` (`teacher_id`);

--
-- Indexes for table `settings`
--
ALTER TABLE `settings`
  ADD PRIMARY KEY (`id`);

--
-- Indexes for table `skills`
--
ALTER TABLE `skills`
  ADD PRIMARY KEY (`id`);

--
-- Indexes for table `staff_records`
--
ALTER TABLE `staff_records`
  ADD PRIMARY KEY (`id`),
  ADD UNIQUE KEY `staff_records_code_unique` (`code`),
  ADD KEY `staff_records_user_id_foreign` (`user_id`);

--
-- Indexes for table `states`
--
ALTER TABLE `states`
  ADD PRIMARY KEY (`id`);

--
-- Indexes for table `student_records`
--
ALTER TABLE `student_records`
  ADD PRIMARY KEY (`id`),
  ADD UNIQUE KEY `student_records_adm_no_unique` (`adm_no`),
  ADD KEY `student_records_user_id_foreign` (`user_id`),
  ADD KEY `student_records_my_class_id_foreign` (`my_class_id`),
  ADD KEY `student_records_section_id_foreign` (`section_id`),
  ADD KEY `student_records_my_parent_id_foreign` (`my_parent_id`),
  ADD KEY `student_records_dorm_id_foreign` (`dorm_id`);

--
-- Indexes for table `subjects`
--
ALTER TABLE `subjects`
  ADD PRIMARY KEY (`id`),
  ADD UNIQUE KEY `subjects_my_class_id_name_unique` (`my_class_id`,`name`),
  ADD KEY `subjects_teacher_id_foreign` (`teacher_id`);

--
-- Indexes for table `time_slots`
--
ALTER TABLE `time_slots`
  ADD PRIMARY KEY (`id`),
  ADD UNIQUE KEY `time_slots_timestamp_from_timestamp_to_ttr_id_unique` (`timestamp_from`,`timestamp_to`,`ttr_id`),
  ADD KEY `time_slots_ttr_id_foreign` (`ttr_id`);

--
-- Indexes for table `time_tables`
--
ALTER TABLE `time_tables`
  ADD PRIMARY KEY (`id`),
  ADD UNIQUE KEY `time_tables_ttr_id_ts_id_day_unique` (`ttr_id`,`ts_id`,`day`),
  ADD UNIQUE KEY `time_tables_ttr_id_ts_id_exam_date_unique` (`ttr_id`,`ts_id`,`exam_date`),
  ADD KEY `time_tables_ts_id_foreign` (`ts_id`),
  ADD KEY `time_tables_subject_id_foreign` (`subject_id`);

--
-- Indexes for table `time_table_records`
--
ALTER TABLE `time_table_records`
  ADD PRIMARY KEY (`id`),
  ADD UNIQUE KEY `time_table_records_name_unique` (`name`),
  ADD UNIQUE KEY `time_table_records_my_class_id_exam_id_year_unique` (`my_class_id`,`exam_id`,`year`),
  ADD KEY `time_table_records_exam_id_foreign` (`exam_id`);

--
-- Indexes for table `users`
--
ALTER TABLE `users`
  ADD PRIMARY KEY (`id`),
  ADD UNIQUE KEY `users_code_unique` (`code`),
  ADD UNIQUE KEY `users_email_unique` (`email`),
  ADD UNIQUE KEY `users_username_unique` (`username`),
  ADD KEY `users_state_id_foreign` (`state_id`),
  ADD KEY `users_lga_id_foreign` (`lga_id`),
  ADD KEY `users_bg_id_foreign` (`bg_id`),
  ADD KEY `users_nal_id_foreign` (`nal_id`);

--
-- Indexes for table `user_types`
--
ALTER TABLE `user_types`
  ADD PRIMARY KEY (`id`);

--
-- AUTO_INCREMENT for dumped tables
--

--
-- AUTO_INCREMENT for table `blood_groups`
--
ALTER TABLE `blood_groups`
  MODIFY `id` int(10) UNSIGNED NOT NULL AUTO_INCREMENT, AUTO_INCREMENT=9;

--
-- AUTO_INCREMENT for table `books`
--
ALTER TABLE `books`
  MODIFY `id` int(10) UNSIGNED NOT NULL AUTO_INCREMENT;

--
-- AUTO_INCREMENT for table `book_requests`
--
ALTER TABLE `book_requests`
  MODIFY `id` int(10) UNSIGNED NOT NULL AUTO_INCREMENT;

--
-- AUTO_INCREMENT for table `class_types`
--
ALTER TABLE `class_types`
  MODIFY `id` int(10) UNSIGNED NOT NULL AUTO_INCREMENT, AUTO_INCREMENT=7;

--
-- AUTO_INCREMENT for table `dorms`
--
ALTER TABLE `dorms`
  MODIFY `id` int(10) UNSIGNED NOT NULL AUTO_INCREMENT, AUTO_INCREMENT=6;

--
-- AUTO_INCREMENT for table `exams`
--
ALTER TABLE `exams`
  MODIFY `id` int(10) UNSIGNED NOT NULL AUTO_INCREMENT;

--
-- AUTO_INCREMENT for table `exam_records`
--
ALTER TABLE `exam_records`
  MODIFY `id` int(10) UNSIGNED NOT NULL AUTO_INCREMENT;

--
-- AUTO_INCREMENT for table `grades`
--
ALTER TABLE `grades`
  MODIFY `id` int(10) UNSIGNED NOT NULL AUTO_INCREMENT, AUTO_INCREMENT=7;

--
-- AUTO_INCREMENT for table `lgas`
--
ALTER TABLE `lgas`
  MODIFY `id` int(10) UNSIGNED NOT NULL AUTO_INCREMENT, AUTO_INCREMENT=775;

--
-- AUTO_INCREMENT for table `marks`
--
ALTER TABLE `marks`
  MODIFY `id` int(10) UNSIGNED NOT NULL AUTO_INCREMENT;

--
-- AUTO_INCREMENT for table `migrations`
--
ALTER TABLE `migrations`
  MODIFY `id` int(10) UNSIGNED NOT NULL AUTO_INCREMENT, AUTO_INCREMENT=30;

--
-- AUTO_INCREMENT for table `my_classes`
--
ALTER TABLE `my_classes`
  MODIFY `id` int(10) UNSIGNED NOT NULL AUTO_INCREMENT, AUTO_INCREMENT=11;

--
-- AUTO_INCREMENT for table `nationalities`
--
ALTER TABLE `nationalities`
  MODIFY `id` int(10) UNSIGNED NOT NULL AUTO_INCREMENT, AUTO_INCREMENT=194;

--
-- AUTO_INCREMENT for table `payments`
--
ALTER TABLE `payments`
  MODIFY `id` int(10) UNSIGNED NOT NULL AUTO_INCREMENT;

--
-- AUTO_INCREMENT for table `payment_records`
--
ALTER TABLE `payment_records`
  MODIFY `id` int(10) UNSIGNED NOT NULL AUTO_INCREMENT;

--
-- AUTO_INCREMENT for table `pins`
--
ALTER TABLE `pins`
  MODIFY `id` int(10) UNSIGNED NOT NULL AUTO_INCREMENT;

--
-- AUTO_INCREMENT for table `promotions`
--
ALTER TABLE `promotions`
  MODIFY `id` int(10) UNSIGNED NOT NULL AUTO_INCREMENT;

--
-- AUTO_INCREMENT for table `receipts`
--
ALTER TABLE `receipts`
  MODIFY `id` int(10) UNSIGNED NOT NULL AUTO_INCREMENT;

--
-- AUTO_INCREMENT for table `sections`
--
ALTER TABLE `sections`
  MODIFY `id` int(10) UNSIGNED NOT NULL AUTO_INCREMENT, AUTO_INCREMENT=13;

--
-- AUTO_INCREMENT for table `settings`
--
ALTER TABLE `settings`
  MODIFY `id` int(10) UNSIGNED NOT NULL AUTO_INCREMENT, AUTO_INCREMENT=20;

--
-- AUTO_INCREMENT for table `skills`
--
ALTER TABLE `skills`
  MODIFY `id` int(10) UNSIGNED NOT NULL AUTO_INCREMENT, AUTO_INCREMENT=15;

--
-- AUTO_INCREMENT for table `staff_records`
--
ALTER TABLE `staff_records`
  MODIFY `id` int(10) UNSIGNED NOT NULL AUTO_INCREMENT;

--
-- AUTO_INCREMENT for table `states`
--
ALTER TABLE `states`
  MODIFY `id` int(10) UNSIGNED NOT NULL AUTO_INCREMENT, AUTO_INCREMENT=38;

--
-- AUTO_INCREMENT for table `student_records`
--
ALTER TABLE `student_records`
  MODIFY `id` int(10) UNSIGNED NOT NULL AUTO_INCREMENT, AUTO_INCREMENT=38;

--
-- AUTO_INCREMENT for table `subjects`
--
ALTER TABLE `subjects`
  MODIFY `id` int(10) UNSIGNED NOT NULL AUTO_INCREMENT, AUTO_INCREMENT=21;

--
-- AUTO_INCREMENT for table `time_slots`
--
ALTER TABLE `time_slots`
  MODIFY `id` int(10) UNSIGNED NOT NULL AUTO_INCREMENT;

--
-- AUTO_INCREMENT for table `time_tables`
--
ALTER TABLE `time_tables`
  MODIFY `id` int(10) UNSIGNED NOT NULL AUTO_INCREMENT;

--
-- AUTO_INCREMENT for table `time_table_records`
--
ALTER TABLE `time_table_records`
  MODIFY `id` int(10) UNSIGNED NOT NULL AUTO_INCREMENT;

--
-- AUTO_INCREMENT for table `users`
--
ALTER TABLE `users`
  MODIFY `id` int(10) UNSIGNED NOT NULL AUTO_INCREMENT, AUTO_INCREMENT=55;

--
-- AUTO_INCREMENT for table `user_types`
--
ALTER TABLE `user_types`
  MODIFY `id` int(10) UNSIGNED NOT NULL AUTO_INCREMENT, AUTO_INCREMENT=6;

--
-- Constraints for dumped tables
--

--
-- Constraints for table `books`
--
ALTER TABLE `books`
  ADD CONSTRAINT `books_my_class_id_foreign` FOREIGN KEY (`my_class_id`) REFERENCES `my_classes` (`id`) ON DELETE CASCADE;

--
-- Constraints for table `book_requests`
--
ALTER TABLE `book_requests`
  ADD CONSTRAINT `book_requests_book_id_foreign` FOREIGN KEY (`book_id`) REFERENCES `books` (`id`) ON DELETE CASCADE,
  ADD CONSTRAINT `book_requests_user_id_foreign` FOREIGN KEY (`user_id`) REFERENCES `users` (`id`) ON DELETE CASCADE;

--
-- Constraints for table `exam_records`
--
ALTER TABLE `exam_records`
  ADD CONSTRAINT `exam_records_exam_id_foreign` FOREIGN KEY (`exam_id`) REFERENCES `exams` (`id`) ON DELETE CASCADE,
  ADD CONSTRAINT `exam_records_my_class_id_foreign` FOREIGN KEY (`my_class_id`) REFERENCES `my_classes` (`id`) ON DELETE CASCADE,
  ADD CONSTRAINT `exam_records_section_id_foreign` FOREIGN KEY (`section_id`) REFERENCES `sections` (`id`) ON DELETE CASCADE,
  ADD CONSTRAINT `exam_records_student_id_foreign` FOREIGN KEY (`student_id`) REFERENCES `users` (`id`) ON DELETE CASCADE;

--
-- Constraints for table `grades`
--
ALTER TABLE `grades`
  ADD CONSTRAINT `grades_class_type_id_foreign` FOREIGN KEY (`class_type_id`) REFERENCES `class_types` (`id`) ON DELETE CASCADE;

--
-- Constraints for table `lgas`
--
ALTER TABLE `lgas`
  ADD CONSTRAINT `lgas_state_id_foreign` FOREIGN KEY (`state_id`) REFERENCES `states` (`id`) ON DELETE CASCADE;

--
-- Constraints for table `marks`
--
ALTER TABLE `marks`
  ADD CONSTRAINT `marks_exam_id_foreign` FOREIGN KEY (`exam_id`) REFERENCES `exams` (`id`) ON DELETE CASCADE,
  ADD CONSTRAINT `marks_grade_id_foreign` FOREIGN KEY (`grade_id`) REFERENCES `grades` (`id`) ON DELETE SET NULL,
  ADD CONSTRAINT `marks_my_class_id_foreign` FOREIGN KEY (`my_class_id`) REFERENCES `my_classes` (`id`) ON DELETE CASCADE,
  ADD CONSTRAINT `marks_section_id_foreign` FOREIGN KEY (`section_id`) REFERENCES `sections` (`id`) ON DELETE CASCADE,
  ADD CONSTRAINT `marks_student_id_foreign` FOREIGN KEY (`student_id`) REFERENCES `users` (`id`) ON DELETE CASCADE,
  ADD CONSTRAINT `marks_subject_id_foreign` FOREIGN KEY (`subject_id`) REFERENCES `subjects` (`id`) ON DELETE CASCADE;

--
-- Constraints for table `my_classes`
--
ALTER TABLE `my_classes`
  ADD CONSTRAINT `my_classes_class_type_id_foreign` FOREIGN KEY (`class_type_id`) REFERENCES `class_types` (`id`) ON DELETE SET NULL;

--
-- Constraints for table `payments`
--
ALTER TABLE `payments`
  ADD CONSTRAINT `payments_my_class_id_foreign` FOREIGN KEY (`my_class_id`) REFERENCES `my_classes` (`id`) ON DELETE CASCADE;

--
-- Constraints for table `payment_records`
--
ALTER TABLE `payment_records`
  ADD CONSTRAINT `payment_records_payment_id_foreign` FOREIGN KEY (`payment_id`) REFERENCES `payments` (`id`) ON DELETE CASCADE,
  ADD CONSTRAINT `payment_records_student_id_foreign` FOREIGN KEY (`student_id`) REFERENCES `users` (`id`) ON DELETE CASCADE;

--
-- Constraints for table `pins`
--
ALTER TABLE `pins`
  ADD CONSTRAINT `pins_student_id_foreign` FOREIGN KEY (`student_id`) REFERENCES `users` (`id`) ON DELETE CASCADE,
  ADD CONSTRAINT `pins_user_id_foreign` FOREIGN KEY (`user_id`) REFERENCES `users` (`id`) ON DELETE CASCADE;

--
-- Constraints for table `promotions`
--
ALTER TABLE `promotions`
  ADD CONSTRAINT `promotions_from_class_foreign` FOREIGN KEY (`from_class`) REFERENCES `my_classes` (`id`) ON DELETE CASCADE,
  ADD CONSTRAINT `promotions_from_section_foreign` FOREIGN KEY (`from_section`) REFERENCES `sections` (`id`) ON DELETE CASCADE,
  ADD CONSTRAINT `promotions_student_id_foreign` FOREIGN KEY (`student_id`) REFERENCES `users` (`id`) ON DELETE CASCADE,
  ADD CONSTRAINT `promotions_to_class_foreign` FOREIGN KEY (`to_class`) REFERENCES `my_classes` (`id`) ON DELETE CASCADE,
  ADD CONSTRAINT `promotions_to_section_foreign` FOREIGN KEY (`to_section`) REFERENCES `sections` (`id`) ON DELETE CASCADE;

--
-- Constraints for table `receipts`
--
ALTER TABLE `receipts`
  ADD CONSTRAINT `receipts_pr_id_foreign` FOREIGN KEY (`pr_id`) REFERENCES `payment_records` (`id`) ON DELETE CASCADE;

--
-- Constraints for table `sections`
--
ALTER TABLE `sections`
  ADD CONSTRAINT `sections_my_class_id_foreign` FOREIGN KEY (`my_class_id`) REFERENCES `my_classes` (`id`) ON DELETE CASCADE,
  ADD CONSTRAINT `sections_teacher_id_foreign` FOREIGN KEY (`teacher_id`) REFERENCES `users` (`id`) ON DELETE SET NULL;

--
-- Constraints for table `staff_records`
--
ALTER TABLE `staff_records`
  ADD CONSTRAINT `staff_records_user_id_foreign` FOREIGN KEY (`user_id`) REFERENCES `users` (`id`) ON DELETE CASCADE;

--
-- Constraints for table `student_records`
--
ALTER TABLE `student_records`
  ADD CONSTRAINT `student_records_dorm_id_foreign` FOREIGN KEY (`dorm_id`) REFERENCES `dorms` (`id`) ON DELETE SET NULL,
  ADD CONSTRAINT `student_records_my_class_id_foreign` FOREIGN KEY (`my_class_id`) REFERENCES `my_classes` (`id`) ON DELETE CASCADE,
  ADD CONSTRAINT `student_records_my_parent_id_foreign` FOREIGN KEY (`my_parent_id`) REFERENCES `users` (`id`) ON DELETE SET NULL,
  ADD CONSTRAINT `student_records_section_id_foreign` FOREIGN KEY (`section_id`) REFERENCES `sections` (`id`) ON DELETE CASCADE,
  ADD CONSTRAINT `student_records_user_id_foreign` FOREIGN KEY (`user_id`) REFERENCES `users` (`id`) ON DELETE CASCADE;

--
-- Constraints for table `subjects`
--
ALTER TABLE `subjects`
  ADD CONSTRAINT `subjects_my_class_id_foreign` FOREIGN KEY (`my_class_id`) REFERENCES `my_classes` (`id`) ON DELETE CASCADE,
  ADD CONSTRAINT `subjects_teacher_id_foreign` FOREIGN KEY (`teacher_id`) REFERENCES `users` (`id`);

--
-- Constraints for table `time_slots`
--
ALTER TABLE `time_slots`
  ADD CONSTRAINT `time_slots_ttr_id_foreign` FOREIGN KEY (`ttr_id`) REFERENCES `time_table_records` (`id`) ON DELETE CASCADE;

--
-- Constraints for table `time_tables`
--
ALTER TABLE `time_tables`
  ADD CONSTRAINT `time_tables_subject_id_foreign` FOREIGN KEY (`subject_id`) REFERENCES `subjects` (`id`) ON DELETE CASCADE,
  ADD CONSTRAINT `time_tables_ts_id_foreign` FOREIGN KEY (`ts_id`) REFERENCES `time_slots` (`id`) ON DELETE CASCADE,
  ADD CONSTRAINT `time_tables_ttr_id_foreign` FOREIGN KEY (`ttr_id`) REFERENCES `time_table_records` (`id`) ON DELETE CASCADE;

--
-- Constraints for table `time_table_records`
--
ALTER TABLE `time_table_records`
  ADD CONSTRAINT `time_table_records_exam_id_foreign` FOREIGN KEY (`exam_id`) REFERENCES `exams` (`id`) ON DELETE CASCADE,
  ADD CONSTRAINT `time_table_records_my_class_id_foreign` FOREIGN KEY (`my_class_id`) REFERENCES `my_classes` (`id`) ON DELETE CASCADE;

--
-- Constraints for table `users`
--
ALTER TABLE `users`
  ADD CONSTRAINT `users_bg_id_foreign` FOREIGN KEY (`bg_id`) REFERENCES `blood_groups` (`id`) ON DELETE SET NULL,
  ADD CONSTRAINT `users_lga_id_foreign` FOREIGN KEY (`lga_id`) REFERENCES `lgas` (`id`) ON DELETE SET NULL,
  ADD CONSTRAINT `users_nal_id_foreign` FOREIGN KEY (`nal_id`) REFERENCES `nationalities` (`id`) ON DELETE SET NULL,
  ADD CONSTRAINT `users_state_id_foreign` FOREIGN KEY (`state_id`) REFERENCES `states` (`id`) ON DELETE SET NULL;
COMMIT;

/*!40101 SET CHARACTER_SET_CLIENT=@OLD_CHARACTER_SET_CLIENT */;
/*!40101 SET CHARACTER_SET_RESULTS=@OLD_CHARACTER_SET_RESULTS */;
/*!40101 SET COLLATION_CONNECTION=@OLD_COLLATION_CONNECTION */;
